step,date,id,family,params,delta,complexity_rank,within_family_rank,active_positions,turnover_per_year,score,in_sample_score,train_minus_oos_score,degenerate,standard_error,chosen
0,2019-03-20,majority_baseline|{},majority_baseline,{},0,0,0,200,1.512,-0.89034268,-0.2291859,0.66115678,False,0.48538097,True
0,2019-03-20,"logistic|{'C': 0.01, 'class_weight': None}",logistic,"{'C': 0.01, 'class_weight': None}",0,1,0,330,29.232,-0.97786331,-0.091053667,0.88680964,False,0.61018213,False
0,2019-03-20,"logistic|{'C': 0.01, 'class_weight': 'balanced'}",logistic,"{'C': 0.01, 'class_weight': 'balanced'}",0,1,1,286,42.336,-1.0817284,-0.11761311,0.96411529,False,0.59270474,False
0,2019-03-20,"logistic|{'C': 0.1, 'class_weight': None}",logistic,"{'C': 0.1, 'class_weight': None}",0,1,2,277,49.392,-1.3452546,0.10711762,1.4523722,False,0.70601576,False
0,2019-03-20,"logistic|{'C': 0.1, 'class_weight': 'balanced'}",logistic,"{'C': 0.1, 'class_weight': 'balanced'}",0,1,3,253,57.456,-1.29819,-0.14465022,1.1535398,False,0.63711907,False
0,2019-03-20,"logistic|{'C': 1.0, 'class_weight': None}",logistic,"{'C': 1.0, 'class_weight': None}",0,1,4,272,45.36,-0.95757536,0.17199567,1.129571,False,0.74711569,False
0,2019-03-20,"logistic|{'C': 1.0, 'class_weight': 'balanced'}",logistic,"{'C': 1.0, 'class_weight': 'balanced'}",0,1,5,243,45.36,-0.92688079,0.14436533,1.0712461,False,0.6599397,False
0,2019-03-20,"random_forest|{'max_depth': 3, 'min_samples_leaf': 50}",random_forest,"{'max_depth': 3, 'min_samples_leaf': 50}",0,2,0,304,48.888,-1.428924,0.20312338,1.6320474,False,0.58915056,False
0,2019-03-20,"random_forest|{'max_depth': 3, 'min_samples_leaf': 20}",random_forest,"{'max_depth': 3, 'min_samples_leaf': 20}",0,2,1,323,46.368,-1.338455,0.84994946,2.1884044,False,0.6116975,False
0,2019-03-20,"random_forest|{'max_depth': 5, 'min_samples_leaf': 50}",random_forest,"{'max_depth': 5, 'min_samples_leaf': 50}",0,2,2,300,51.912,-1.339995,0.42813535,1.7681303,False,0.57965508,False
0,2019-03-20,"random_forest|{'max_depth': 5, 'min_samples_leaf': 20}",random_forest,"{'max_depth': 5, 'min_samples_leaf': 20}",0,2,3,316,55.44,-1.3691727,1.5673579,2.9365306,False,0.64324872,False
0,2019-03-20,"lightgbm|{'num_leaves': 7, 'learning_rate': 0.03, 'min_child_samples': 60}",lightgbm,"{'num_leaves': 7, 'learning_rate': 0.03, 'min_child_samples': 60}",0,3,0,287,62.496,-0.9249288,4.1018669,5.0267957,False,0.61333792,False
0,2019-03-20,"lightgbm|{'num_leaves': 7, 'learning_rate': 0.03, 'min_child_samples': 30}",lightgbm,"{'num_leaves': 7, 'learning_rate': 0.03, 'min_child_samples': 30}",0,3,1,300,61.488,-1.1775808,4.6474621,5.8250429,False,0.59908764,False
0,2019-03-20,"lightgbm|{'num_leaves': 7, 'learning_rate': 0.1, 'min_child_samples': 60}",lightgbm,"{'num_leaves': 7, 'learning_rate': 0.1, 'min_child_samples': 60}",0,3,2,280,65.52,-0.74709317,6.1553678,6.902461,False,0.59804243,False
0,2019-03-20,"lightgbm|{'num_leaves': 7, 'learning_rate': 0.1, 'min_child_samples': 30}",lightgbm,"{'num_leaves': 7, 'learning_rate': 0.1, 'min_child_samples': 30}",0,3,3,291,56.448,-0.99543235,6.2447495,7.2401818,False,0.61239131,False
0,2019-03-20,"lightgbm|{'num_leaves': 15, 'learning_rate': 0.03, 'min_child_samples': 60}",lightgbm,"{'num_leaves': 15, 'learning_rate': 0.03, 'min_child_samples': 60}",0,3,4,261,60.48,-0.97684219,4.8651751,5.8420173,False,0.58623543,False
0,2019-03-20,"lightgbm|{'num_leaves': 15, 'learning_rate': 0.03, 'min_child_samples': 30}",lightgbm,"{'num_leaves': 15, 'learning_rate': 0.03, 'min_child_samples': 30}",0,3,5,267,58.464,-1.2186901,6.3217226,7.5404127,False,0.59108708,False
0,2019-03-20,"lightgbm|{'num_leaves': 15, 'learning_rate': 0.1, 'min_child_samples': 60}",lightgbm,"{'num_leaves': 15, 'learning_rate': 0.1, 'min_child_samples': 60}",0,3,6,277,69.552,-0.54686192,7.1614943,7.7083562,False,0.58250361,False
0,2019-03-20,"lightgbm|{'num_leaves': 15, 'learning_rate': 0.1, 'min_child_samples': 30}",lightgbm,"{'num_leaves': 15, 'learning_rate': 0.1, 'min_child_samples': 30}",0,3,7,266,61.488,-1.0028544,8.090944,9.0937984,False,0.59365396,False
0,2019-03-20,"xgboost|{'max_depth': 2, 'learning_rate': 0.03}",xgboost,"{'max_depth': 2, 'learning_rate': 0.03}",0,4,0,280,36.288,-1.3976557,1.7678153,3.1654709,False,0.6670086,False
0,2019-03-20,"xgboost|{'max_depth': 2, 'learning_rate': 0.1}",xgboost,"{'max_depth': 2, 'learning_rate': 0.1}",0,4,1,283,35.28,-1.08379,2.5601625,3.6439525,False,0.69752215,False
0,2019-03-20,"xgboost|{'max_depth': 3, 'learning_rate': 0.03}",xgboost,"{'max_depth': 3, 'learning_rate': 0.03}",0,4,2,281,37.296,-1.1528022,2.8276365,3.9804387,False,0.66105507,False
0,2019-03-20,"xgboost|{'max_depth': 3, 'learning_rate': 0.1}",xgboost,"{'max_depth': 3, 'learning_rate': 0.1}",0,4,3,294,42.336,-1.1544263,3.6477802,4.8022065,False,0.6387459,False
4,2020-03-19,majority_baseline|{},majority_baseline,{},0,0,0,100,0.504,-0.19383153,-0.51990736,-0.32607583,False,0.49579491,True
4,2020-03-19,"logistic|{'C': 0.01, 'class_weight': None}",logistic,"{'C': 0.01, 'class_weight': None}",0,1,0,234,67.536,-1.20363,0.53923216,1.7428621,False,0.53249678,False
4,2020-03-19,"logistic|{'C': 0.01, 'class_weight': 'balanced'}",logistic,"{'C': 0.01, 'class_weight': 'balanced'}",0,1,1,228,63.504,-0.86368914,0.62506918,1.4887583,False,0.50915224,False
4,2020-03-19,"logistic|{'C': 0.1, 'class_weight': None}",logistic,"{'C': 0.1, 'class_weight': None}",0,1,2,215,45.864,-0.43186808,0.41051908,0.84238717,False,0.52477842,False
4,2020-03-19,"logistic|{'C': 0.1, 'class_weight': 'balanced'}",logistic,"{'C': 0.1, 'class_weight': 'balanced'}",0,1,3,207,43.848,-0.4952676,0.24016174,0.73542934,False,0.57062228,False
4,2020-03-19,"logistic|{'C': 1.0, 'class_weight': None}",logistic,"{'C': 1.0, 'class_weight': None}",0,1,4,201,40.824,-0.49104031,0.32943806,0.82047836,False,0.57713043,False
4,2020-03-19,"logistic|{'C': 1.0, 'class_weight': 'balanced'}",logistic,"{'C': 1.0, 'class_weight': 'balanced'}",0,1,5,199,43.848,-0.38507434,-0.022963415,0.36211092,False,0.55999475,False
4,2020-03-19,"random_forest|{'max_depth': 3, 'min_samples_leaf': 50}",random_forest,"{'max_depth': 3, 'min_samples_leaf': 50}",0,2,0,182,45.864,-1.1866811,1.0091256,2.1958067,False,0.55607271,False
4,2020-03-19,"random_forest|{'max_depth': 3, 'min_samples_leaf': 20}",random_forest,"{'max_depth': 3, 'min_samples_leaf': 20}",0,2,1,171,47.88,-1.0523051,1.3663202,2.4186253,False,0.53651428,False
4,2020-03-19,"random_forest|{'max_depth': 5, 'min_samples_leaf': 50}",random_forest,"{'max_depth': 5, 'min_samples_leaf': 50}",0,2,2,202,59.976,-1.1190341,1.5319077,2.6509418,False,0.56557789,False
4,2020-03-19,"random_forest|{'max_depth': 5, 'min_samples_leaf': 20}",random_forest,"{'max_depth': 5, 'min_samples_leaf': 20}",0,2,3,190,69.552,-1.0016907,2.6578816,3.6595722,False,0.5139291,False
4,2020-03-19,"lightgbm|{'num_leaves': 7, 'learning_rate': 0.03, 'min_child_samples': 60}",lightgbm,"{'num_leaves': 7, 'learning_rate': 0.03, 'min_child_samples': 60}",0,3,0,171,79.128,-0.94007952,3.4621044,4.402184,False,0.65797567,False
4,2020-03-19,"lightgbm|{'num_leaves': 7, 'learning_rate': 0.03, 'min_child_samples': 30}",lightgbm,"{'num_leaves': 7, 'learning_rate': 0.03, 'min_child_samples': 30}",0,3,1,159,81.648,-0.6137765,2.2534098,2.8671863,False,0.71632957,False
4,2020-03-19,"lightgbm|{'num_leaves': 7, 'learning_rate': 0.1, 'min_child_samples': 60}",lightgbm,"{'num_leaves': 7, 'learning_rate': 0.1, 'min_child_samples': 60}",0,3,2,173,87.192,-0.25861205,4.4672757,4.7258878,False,0.71149173,False
4,2020-03-19,"lightgbm|{'num_leaves': 7, 'learning_rate': 0.1, 'min_child_samples': 30}",lightgbm,"{'num_leaves': 7, 'learning_rate': 0.1, 'min_child_samples': 30}",0,3,3,181,81.648,-0.8209395,3.8768789,4.6978184,False,0.73931439,False
4,2020-03-19,"lightgbm|{'num_leaves': 15, 'learning_rate': 0.03, 'min_child_samples': 60}",lightgbm,"{'num_leaves': 15, 'learning_rate': 0.03, 'min_child_samples': 60}",0,3,4,185,101.304,-0.51599343,6.0103625,6.5263559,False,0.71035937,False
4,2020-03-19,"lightgbm|{'num_leaves': 15, 'learning_rate': 0.03, 'min_child_samples': 30}",lightgbm,"{'num_leaves': 15, 'learning_rate': 0.03, 'min_child_samples': 30}",0,3,5,178,87.696,-0.83577145,4.606454,5.4422254,False,0.67835202,False
4,2020-03-19,"lightgbm|{'num_leaves': 15, 'learning_rate': 0.1, 'min_child_samples': 60}",lightgbm,"{'num_leaves': 15, 'learning_rate': 0.1, 'min_child_samples': 60}",0,3,6,179,99.288,-0.78733773,6.8134549,7.6007926,False,0.73293935,False
4,2020-03-19,"lightgbm|{'num_leaves': 15, 'learning_rate': 0.1, 'min_child_samples': 30}",lightgbm,"{'num_leaves': 15, 'learning_rate': 0.1, 'min_child_samples': 30}",0,3,7,199,96.768,-0.36470565,6.9526141,7.3173197,False,0.60514512,False
4,2020-03-19,"xgboost|{'max_depth': 2, 'learning_rate': 0.03}",xgboost,"{'max_depth': 2, 'learning_rate': 0.03}",0,4,0,184,75.096,-1.4865186,2.6071863,4.0937049,False,0.59545107,False
4,2020-03-19,"xgboost|{'max_depth': 2, 'learning_rate': 0.1}",xgboost,"{'max_depth': 2, 'learning_rate': 0.1}",0,4,1,184,92.736,-1.2348291,2.8723387,4.1071678,False,0.68634431,False
4,2020-03-19,"xgboost|{'max_depth': 3, 'learning_rate': 0.03}",xgboost,"{'max_depth': 3, 'learning_rate': 0.03}",0,4,2,188,90.216,-1.2045877,4.1322936,5.3368813,False,0.59286745,False
4,2020-03-19,"xgboost|{'max_depth': 3, 'learning_rate': 0.1}",xgboost,"{'max_depth': 3, 'learning_rate': 0.1}",0,4,3,235,115.416,-0.84315068,5.2583061,6.1014568,False,0.5395299,False
8,2021-03-19,majority_baseline|{},majority_baseline,{},0,0,0,200,1.008,-0.14926942,-0.52255452,-0.37328511,False,0.46438739,False
8,2021-03-19,"logistic|{'C': 0.01, 'class_weight': None}",logistic,"{'C': 0.01, 'class_weight': None}",0,1,0,223,101.304,-0.54282465,0.47871225,1.0215369,False,0.42544749,False
8,2021-03-19,"logistic|{'C': 0.01, 'class_weight': 'balanced'}",logistic,"{'C': 0.01, 'class_weight': 'balanced'}",0,1,1,218,98.28,-0.46966098,0.5614322,1.0310932,False,0.52768015,False
8,2021-03-19,"logistic|{'C': 0.1, 'class_weight': None}",logistic,"{'C': 0.1, 'class_weight': None}",0,1,2,203,76.608,-0.2746536,0.53090745,0.80556105,False,0.49070784,False
8,2021-03-19,"logistic|{'C': 0.1, 'class_weight': 'balanced'}",logistic,"{'C': 0.1, 'class_weight': 'balanced'}",0,1,3,200,73.584,-0.60176149,0.49086315,1.0926246,False,0.46371916,False
8,2021-03-19,"logistic|{'C': 1.0, 'class_weight': None}",logistic,"{'C': 1.0, 'class_weight': None}",0,1,4,184,60.48,-0.43299448,0.41022908,0.84322355,False,0.49662016,False
8,2021-03-19,"logistic|{'C': 1.0, 'class_weight': 'balanced'}",logistic,"{'C': 1.0, 'class_weight': 'balanced'}",0,1,5,185,61.488,-0.59117317,0.38447116,0.97564433,False,0.45745557,False
8,2021-03-19,"random_forest|{'max_depth': 3, 'min_samples_leaf': 50}",random_forest,"{'max_depth': 3, 'min_samples_leaf': 50}",0,2,0,153,60.48,0.42440262,0.98583742,0.5614348,False,0.51579593,False
8,2021-03-19,"random_forest|{'max_depth': 3, 'min_samples_leaf': 20}",random_forest,"{'max_depth': 3, 'min_samples_leaf': 20}",0,2,1,149,62.496,0.32355096,1.3735164,1.0499655,False,0.50853113,False
8,2021-03-19,"random_forest|{'max_depth': 5, 'min_samples_leaf': 50}",random_forest,"{'max_depth': 5, 'min_samples_leaf': 50}",0,2,2,164,78.624,0.28214078,1.5159134,1.2337726,False,0.55487838,False
8,2021-03-19,"random_forest|{'max_depth': 5, 'min_samples_leaf': 20}",random_forest,"{'max_depth': 5, 'min_samples_leaf': 20}",0,2,3,157,82.656,0.4785967,2.469811,1.9912143,False,0.54569573,False
8,2021-03-19,"lightgbm|{'num_leaves': 7, 'learning_rate': 0.03, 'min_child_samples': 60}",lightgbm,"{'num_leaves': 7, 'learning_rate': 0.03, 'min_child_samples': 60}",0,3,0,197,93.744,0.0029018354,4.6632259,4.660324,False,0.50707937,False
8,2021-03-19,"lightgbm|{'num_leaves': 7, 'learning_rate': 0.03, 'min_child_samples': 30}",lightgbm,"{'num_leaves': 7, 'learning_rate': 0.03, 'min_child_samples': 30}",0,3,1,166,82.656,0.43360109,4.2102089,3.7766078,False,0.54758298,False
8,2021-03-19,"lightgbm|{'num_leaves': 7, 'learning_rate': 0.1, 'min_child_samples': 60}",lightgbm,"{'num_leaves': 7, 'learning_rate': 0.1, 'min_child_samples': 60}",0,3,2,207,105.84,0.46892844,7.24326,6.7743315,False,0.55474101,False
8,2021-03-19,"lightgbm|{'num_leaves': 7, 'learning_rate': 0.1, 'min_child_samples': 30}",lightgbm,"{'num_leaves': 7, 'learning_rate': 0.1, 'min_child_samples': 30}",0,3,3,173,96.768,0.1443501,6.0579827,5.9136326,False,0.47646899,False
8,2021-03-19,"lightgbm|{'num_leaves': 15, 'learning_rate': 0.03, 'min_child_samples': 60}",lightgbm,"{'num_leaves': 15, 'learning_rate': 0.03, 'min_child_samples': 60}",0,3,4,226,113.904,-0.075451821,6.4769098,6.5523616,False,0.47889165,False
8,2021-03-19,"lightgbm|{'num_leaves': 15, 'learning_rate': 0.03, 'min_child_samples': 30}",lightgbm,"{'num_leaves': 15, 'learning_rate': 0.03, 'min_child_samples': 30}",0,3,5,180,98.784,0.22680409,6.7190235,6.4922194,False,0.55216878,False
8,2021-03-19,"lightgbm|{'num_leaves': 15, 'learning_rate': 0.1, 'min_child_samples': 60}",lightgbm,"{'num_leaves': 15, 'learning_rate': 0.1, 'min_child_samples': 60}",0,3,6,220,106.848,0.46739981,9.3580398,8.89064,False,0.64460846,False
8,2021-03-19,"lightgbm|{'num_leaves': 15, 'learning_rate': 0.1, 'min_child_samples': 30}",lightgbm,"{'num_leaves': 15, 'learning_rate': 0.1, 'min_child_samples': 30}",0,3,7,197,99.792,1.0006959,8.5240265,7.5233305,False,0.50876078,True
8,2021-03-19,"xgboost|{'max_depth': 2, 'learning_rate': 0.03}",xgboost,"{'max_depth': 2, 'learning_rate': 0.03}",0,4,0,171,91.728,0.15808309,1.8597281,1.701645,False,0.44641923,False
8,2021-03-19,"xgboost|{'max_depth': 2, 'learning_rate': 0.1}",xgboost,"{'max_depth': 2, 'learning_rate': 0.1}",0,4,1,170,94.752,-0.044705944,3.5488228,3.5935288,False,0.42558831,False
8,2021-03-19,"xgboost|{'max_depth': 3, 'learning_rate': 0.03}",xgboost,"{'max_depth': 3, 'learning_rate': 0.03}",0,4,2,173,89.712,0.5382183,3.5336465,2.9954282,False,0.50761301,False
8,2021-03-19,"xgboost|{'max_depth': 3, 'learning_rate': 0.1}",xgboost,"{'max_depth': 3, 'learning_rate': 0.1}",0,4,3,172,95.76,0.2491008,6.0815053,5.8324045,False,0.51523485,False
12,2022-03-18,majority_baseline|{},majority_baseline,{},0,0,0,300,0.504,-0.37047761,-0.24517387,0.12530374,False,0.44285907,False
12,2022-03-18,"logistic|{'C': 0.01, 'class_weight': None}",logistic,"{'C': 0.01, 'class_weight': None}",0,1,0,246,106.344,-0.43702716,0.32253202,0.75955918,False,0.48733795,False
12,2022-03-18,"logistic|{'C': 0.01, 'class_weight': 'balanced'}",logistic,"{'C': 0.01, 'class_weight': 'balanced'}",0,1,1,260,99.792,-0.49640434,0.29357436,0.7899787,False,0.43398198,False
12,2022-03-18,"logistic|{'C': 0.1, 'class_weight': None}",logistic,"{'C': 0.1, 'class_weight': None}",0,1,2,223,96.264,-0.85457414,0.43722773,1.2918019,False,0.45321942,False
12,2022-03-18,"logistic|{'C': 0.1, 'class_weight': 'balanced'}",logistic,"{'C': 0.1, 'class_weight': 'balanced'}",0,1,3,235,98.784,-0.6329572,0.38568093,1.0186381,False,0.48888087,False
12,2022-03-18,"logistic|{'C': 1.0, 'class_weight': None}",logistic,"{'C': 1.0, 'class_weight': None}",0,1,4,220,92.232,-0.499089,0.45454741,0.95363641,False,0.48035523,False
12,2022-03-18,"logistic|{'C': 1.0, 'class_weight': 'balanced'}",logistic,"{'C': 1.0, 'class_weight': 'balanced'}",0,1,5,232,97.776,-0.40907786,0.36530597,0.77438383,False,0.49603048,False
12,2022-03-18,"random_forest|{'max_depth': 3, 'min_samples_leaf': 50}",random_forest,"{'max_depth': 3, 'min_samples_leaf': 50}",0,2,0,187,66.528,0.58436212,0.54729021,-0.037071917,False,0.71413911,False
12,2022-03-18,"random_forest|{'max_depth': 3, 'min_samples_leaf': 20}",random_forest,"{'max_depth': 3, 'min_samples_leaf': 20}",0,2,1,185,64.512,0.21097556,0.60817635,0.39720079,False,0.64211759,False
12,2022-03-18,"random_forest|{'max_depth': 5, 'min_samples_leaf': 50}",random_forest,"{'max_depth': 5, 'min_samples_leaf': 50}",0,2,2,200,89.208,0.12921838,1.2370812,1.1078628,False,0.64994234,False
12,2022-03-18,"random_forest|{'max_depth': 5, 'min_samples_leaf': 20}",random_forest,"{'max_depth': 5, 'min_samples_leaf': 20}",0,2,3,204,83.664,-0.46541991,1.6542153,2.1196352,False,0.62650532,False
12,2022-03-18,"lightgbm|{'num_leaves': 7, 'learning_rate': 0.03, 'min_child_samples': 60}",lightgbm,"{'num_leaves': 7, 'learning_rate': 0.03, 'min_child_samples': 60}",0,3,0,264,145.656,1.4206323,4.4617565,3.0411242,False,0.79462141,True
12,2022-03-18,"lightgbm|{'num_leaves': 7, 'learning_rate': 0.03, 'min_child_samples': 30}",lightgbm,"{'num_leaves': 7, 'learning_rate': 0.03, 'min_child_samples': 30}",0,3,1,228,134.568,0.77519077,4.0898665,3.3146758,False,0.6344091,False
12,2022-03-18,"lightgbm|{'num_leaves': 7, 'learning_rate': 0.1, 'min_child_samples': 60}",lightgbm,"{'num_leaves': 7, 'learning_rate': 0.1, 'min_child_samples': 60}",0,3,2,257,137.592,0.43772878,6.2301053,5.7923765,False,0.71568928,False
12,2022-03-18,"lightgbm|{'num_leaves': 7, 'learning_rate': 0.1, 'min_child_samples': 30}",lightgbm,"{'num_leaves': 7, 'learning_rate': 0.1, 'min_child_samples': 30}",0,3,3,241,134.064,0.37215787,4.9460552,4.5738973,False,0.67382635,False
12,2022-03-18,"lightgbm|{'num_leaves': 15, 'learning_rate': 0.03, 'min_child_samples': 60}",lightgbm,"{'num_leaves': 15, 'learning_rate': 0.03, 'min_child_samples': 60}",0,3,4,258,142.128,1.0158577,7.3107324,6.2948747,False,0.66279759,False
12,2022-03-18,"lightgbm|{'num_leaves': 15, 'learning_rate': 0.03, 'min_child_samples': 30}",lightgbm,"{'num_leaves': 15, 'learning_rate': 0.03, 'min_child_samples': 30}",0,3,5,239,128.016,0.46077052,5.0944899,4.6337194,False,0.63678063,False
12,2022-03-18,"lightgbm|{'num_leaves': 15, 'learning_rate': 0.1, 'min_child_samples': 60}",lightgbm,"{'num_leaves': 15, 'learning_rate': 0.1, 'min_child_samples': 60}",0,3,6,251,126,0.36806682,8.2909659,7.9228991,False,0.65819634,False
12,2022-03-18,"lightgbm|{'num_leaves': 15, 'learning_rate': 0.1, 'min_child_samples': 30}",lightgbm,"{'num_leaves': 15, 'learning_rate': 0.1, 'min_child_samples': 30}",0,3,7,226,143.136,0.49191305,6.5382619,6.0463489,False,0.62656916,False
12,2022-03-18,"xgboost|{'max_depth': 2, 'learning_rate': 0.03}",xgboost,"{'max_depth': 2, 'learning_rate': 0.03}",0,4,0,233,112.896,1.2472128,2.2186712,0.97145846,False,0.68125951,False
12,2022-03-18,"xgboost|{'max_depth': 2, 'learning_rate': 0.1}",xgboost,"{'max_depth': 2, 'learning_rate': 0.1}",0,4,1,246,117.936,0.98564873,3.2748196,2.2891709,False,0.63484338,False
12,2022-03-18,"xgboost|{'max_depth': 3, 'learning_rate': 0.03}",xgboost,"{'max_depth': 3, 'learning_rate': 0.03}",0,4,2,227,112.896,0.49627036,3.57758,3.0813097,False,0.61578296,False
12,2022-03-18,"xgboost|{'max_depth': 3, 'learning_rate': 0.1}",xgboost,"{'max_depth': 3, 'learning_rate': 0.1}",0,4,3,229,122.976,0.90067188,4.3945506,3.4938788,False,0.69322779,False
16,2023-03-21,majority_baseline|{},majority_baseline,{},0,0,0,0,0,,,,True,,False
16,2023-03-21,"logistic|{'C': 0.01, 'class_weight': None}",logistic,"{'C': 0.01, 'class_weight': None}",0,1,0,142,88.2,-0.0051583571,0.66360466,0.66876302,False,0.79774605,False
16,2023-03-21,"logistic|{'C': 0.01, 'class_weight': 'balanced'}",logistic,"{'C': 0.01, 'class_weight': 'balanced'}",0,1,1,172,106.344,-0.5933893,0.67522882,1.2686181,False,0.64239508,False
16,2023-03-21,"logistic|{'C': 0.1, 'class_weight': None}",logistic,"{'C': 0.1, 'class_weight': None}",0,1,2,144,94.248,-0.64267269,0.89956854,1.5422412,False,0.63825034,False
16,2023-03-21,"logistic|{'C': 0.1, 'class_weight': 'balanced'}",logistic,"{'C': 0.1, 'class_weight': 'balanced'}",0,1,3,135,93.24,-0.63862235,0.93116205,1.5697844,False,0.61988094,False
16,2023-03-21,"logistic|{'C': 1.0, 'class_weight': None}",logistic,"{'C': 1.0, 'class_weight': None}",0,1,4,140,97.272,-0.37222559,0.98356142,1.355787,False,0.63330568,False
16,2023-03-21,"logistic|{'C': 1.0, 'class_weight': 'balanced'}",logistic,"{'C': 1.0, 'class_weight': 'balanced'}",0,1,5,129,86.184,-0.6709762,0.87757255,1.5485487,False,0.59957902,False
16,2023-03-21,"random_forest|{'max_depth': 3, 'min_samples_leaf': 50}",random_forest,"{'max_depth': 3, 'min_samples_leaf': 50}",0,2,0,136,53.424,-0.73389636,0.98541827,1.7193146,False,0.4819449,False
16,2023-03-21,"random_forest|{'max_depth': 3, 'min_samples_leaf': 20}",random_forest,"{'max_depth': 3, 'min_samples_leaf': 20}",0,2,1,144,64.512,0.28713155,1.3082969,1.0211653,False,0.63180114,False
16,2023-03-21,"random_forest|{'max_depth': 5, 'min_samples_leaf': 50}",random_forest,"{'max_depth': 5, 'min_samples_leaf': 50}",0,2,2,156,67.536,0.22094167,2.3148602,2.0939186,False,0.53454847,False
16,2023-03-21,"random_forest|{'max_depth': 5, 'min_samples_leaf': 20}",random_forest,"{'max_depth': 5, 'min_samples_leaf': 20}",0,2,3,187,88.704,0.89586748,3.7659999,2.8701324,False,0.63829733,False
16,2023-03-21,"lightgbm|{'num_leaves': 7, 'learning_rate': 0.03, 'min_child_samples': 60}",lightgbm,"{'num_leaves': 7, 'learning_rate': 0.03, 'min_child_samples': 60}",0,3,0,265,163.8,0.25924818,6.7374433,6.4781951,False,0.76560779,False
16,2023-03-21,"lightgbm|{'num_leaves': 7, 'learning_rate': 0.03, 'min_child_samples': 30}",lightgbm,"{'num_leaves': 7, 'learning_rate': 0.03, 'min_child_samples': 30}",0,3,1,254,159.768,2.0725557,6.9568898,4.8843341,False,0.55635147,True
16,2023-03-21,"lightgbm|{'num_leaves': 7, 'learning_rate': 0.1, 'min_child_samples': 60}",lightgbm,"{'num_leaves': 7, 'learning_rate': 0.1, 'min_child_samples': 60}",0,3,2,251,141.624,0.48131568,8.7017348,8.2204191,False,0.77151231,False
16,2023-03-21,"lightgbm|{'num_leaves': 7, 'learning_rate': 0.1, 'min_child_samples': 30}",lightgbm,"{'num_leaves': 7, 'learning_rate': 0.1, 'min_child_samples': 30}",0,3,3,230,138.6,1.2598377,8.5972947,7.337457,False,0.55354323,False
16,2023-03-21,"lightgbm|{'num_leaves': 15, 'learning_rate': 0.03, 'min_child_samples': 60}",lightgbm,"{'num_leaves': 15, 'learning_rate': 0.03, 'min_child_samples': 60}",0,3,4,259,149.688,1.0818177,8.9765845,7.8947668,False,0.61662416,False
16,2023-03-21,"lightgbm|{'num_leaves': 15, 'learning_rate': 0.03, 'min_child_samples': 30}",lightgbm,"{'num_leaves': 15, 'learning_rate': 0.03, 'min_child_samples': 30}",0,3,5,237,145.152,0.80375643,9.422545,8.6187885,False,0.67270958,False
16,2023-03-21,"lightgbm|{'num_leaves': 15, 'learning_rate': 0.1, 'min_child_samples': 60}",lightgbm,"{'num_leaves': 15, 'learning_rate': 0.1, 'min_child_samples': 60}",0,3,6,233,122.976,0.4448051,9.6461709,9.2013658,False,0.71103597,False
16,2023-03-21,"lightgbm|{'num_leaves': 15, 'learning_rate': 0.1, 'min_child_samples': 30}",lightgbm,"{'num_leaves': 15, 'learning_rate': 0.1, 'min_child_samples': 30}",0,3,7,202,127.008,0.90087616,10.034797,9.1339211,False,0.59652672,False
16,2023-03-21,"xgboost|{'max_depth': 2, 'learning_rate': 0.03}",xgboost,"{'max_depth': 2, 'learning_rate': 0.03}",0,4,0,226,129.024,0.21769329,4.286964,4.0692707,False,0.45284055,False
16,2023-03-21,"xgboost|{'max_depth': 2, 'learning_rate': 0.1}",xgboost,"{'max_depth': 2, 'learning_rate': 0.1}",0,4,1,244,147.672,0.97760212,6.5386142,5.5610121,False,0.60982179,False
16,2023-03-21,"xgboost|{'max_depth': 3, 'learning_rate': 0.03}",xgboost,"{'max_depth': 3, 'learning_rate': 0.03}",0,4,2,244,149.184,0.71574073,6.9450924,6.2293517,False,0.45496808,False
16,2023-03-21,"xgboost|{'max_depth': 3, 'learning_rate': 0.1}",xgboost,"{'max_depth': 3, 'learning_rate': 0.1}",0,4,3,255,163.8,1.5106871,9.0055003,7.4948133,False,0.56452932,False
20,2024-03-21,majority_baseline|{},majority_baseline,{},0,0,0,0,0,,,,True,,False
20,2024-03-21,"logistic|{'C': 0.01, 'class_weight': None}",logistic,"{'C': 0.01, 'class_weight': None}",0,1,0,158,71.064,-0.17648825,0.55598109,0.73246934,False,0.57396875,False
20,2024-03-21,"logistic|{'C': 0.01, 'class_weight': 'balanced'}",logistic,"{'C': 0.01, 'class_weight': 'balanced'}",0,1,1,183,91.224,-0.38962265,0.79973325,1.1893559,False,0.63641749,False
20,2024-03-21,"logistic|{'C': 0.1, 'class_weight': None}",logistic,"{'C': 0.1, 'class_weight': None}",0,1,2,158,72.072,-0.47801951,0.6892406,1.1672601,False,0.60956122,False
20,2024-03-21,"logistic|{'C': 0.1, 'class_weight': 'balanced'}",logistic,"{'C': 0.1, 'class_weight': 'balanced'}",0,1,3,175,87.192,-0.53685634,0.91651639,1.4533727,False,0.65481147,False
20,2024-03-21,"logistic|{'C': 1.0, 'class_weight': None}",logistic,"{'C': 1.0, 'class_weight': None}",0,1,4,149,75.096,-0.55086628,0.78801554,1.3388818,False,0.5898987,False
20,2024-03-21,"logistic|{'C': 1.0, 'class_weight': 'balanced'}",logistic,"{'C': 1.0, 'class_weight': 'balanced'}",0,1,5,163,88.2,-0.87467064,0.95980703,1.8344777,False,0.6468339,False
20,2024-03-21,"random_forest|{'max_depth': 3, 'min_samples_leaf': 50}",random_forest,"{'max_depth': 3, 'min_samples_leaf': 50}",0,2,0,89,35.784,-0.62547836,1.4162077,2.0416861,False,0.46806887,False
20,2024-03-21,"random_forest|{'max_depth': 3, 'min_samples_leaf': 20}",random_forest,"{'max_depth': 3, 'min_samples_leaf': 20}",0,2,1,105,48.888,0.21562847,1.6824101,1.4667816,False,0.50281197,True
20,2024-03-21,"random_forest|{'max_depth': 5, 'min_samples_leaf': 50}",random_forest,"{'max_depth': 5, 'min_samples_leaf': 50}",0,2,2,139,65.52,0.055604928,2.7682343,2.7126294,False,0.69690525,False
20,2024-03-21,"random_forest|{'max_depth': 5, 'min_samples_leaf': 20}",random_forest,"{'max_depth': 5, 'min_samples_leaf': 20}",0,2,3,155,76.104,0.60783706,4.0267731,3.4189361,False,0.55555237,False
20,2024-03-21,"lightgbm|{'num_leaves': 7, 'learning_rate': 0.03, 'min_child_samples': 60}",lightgbm,"{'num_leaves': 7, 'learning_rate': 0.03, 'min_child_samples': 60}",0,3,0,249,134.064,-0.31995881,5.8507293,6.1706881,False,0.88882731,False
20,2024-03-21,"lightgbm|{'num_leaves': 7, 'learning_rate': 0.03, 'min_child_samples': 30}",lightgbm,"{'num_leaves': 7, 'learning_rate': 0.03, 'min_child_samples': 30}",0,3,1,233,135.072,-0.65623814,5.6289247,6.2851628,False,0.74980291,False
20,2024-03-21,"lightgbm|{'num_leaves': 7, 'learning_rate': 0.1, 'min_child_samples': 60}",lightgbm,"{'num_leaves': 7, 'learning_rate': 0.1, 'min_child_samples': 60}",0,3,2,229,116.424,-0.10710659,7.7818443,7.8889509,False,0.83824593,False
20,2024-03-21,"lightgbm|{'num_leaves': 7, 'learning_rate': 0.1, 'min_child_samples': 30}",lightgbm,"{'num_leaves': 7, 'learning_rate': 0.1, 'min_child_samples': 30}",0,3,3,204,102.816,-0.91525204,6.6894295,7.6046815,False,0.75653801,False
20,2024-03-21,"lightgbm|{'num_leaves': 15, 'learning_rate': 0.03, 'min_child_samples': 60}",lightgbm,"{'num_leaves': 15, 'learning_rate': 0.03, 'min_child_samples': 60}",0,3,4,256,123.48,-0.79911931,7.9806226,8.7797419,False,0.70805369,False
20,2024-03-21,"lightgbm|{'num_leaves': 15, 'learning_rate': 0.03, 'min_child_samples': 30}",lightgbm,"{'num_leaves': 15, 'learning_rate': 0.03, 'min_child_samples': 30}",0,3,5,218,124.488,-0.0085431733,7.0829898,7.091533,False,0.82215119,False
20,2024-03-21,"lightgbm|{'num_leaves': 15, 'learning_rate': 0.1, 'min_child_samples': 60}",lightgbm,"{'num_leaves': 15, 'learning_rate': 0.1, 'min_child_samples': 60}",0,3,6,208,101.808,-1.0223505,7.9622805,8.984631,False,0.79665526,False
20,2024-03-21,"lightgbm|{'num_leaves': 15, 'learning_rate': 0.1, 'min_child_samples': 30}",lightgbm,"{'num_leaves': 15, 'learning_rate': 0.1, 'min_child_samples': 30}",0,3,7,188,100.8,0.14851341,6.67472,6.5262066,False,0.78764967,False
20,2024-03-21,"xgboost|{'max_depth': 2, 'learning_rate': 0.03}",xgboost,"{'max_depth': 2, 'learning_rate': 0.03}",0,4,0,244,112.896,-0.02511653,3.9842588,4.0093753,False,0.67462512,False
20,2024-03-21,"xgboost|{'max_depth': 2, 'learning_rate': 0.1}",xgboost,"{'max_depth': 2, 'learning_rate': 0.1}",0,4,1,244,119.448,-1.1267162,5.0006357,6.1273519,False,0.89969677,False
20,2024-03-21,"xgboost|{'max_depth': 3, 'learning_rate': 0.03}",xgboost,"{'max_depth': 3, 'learning_rate': 0.03}",0,4,2,232,116.928,-0.83273914,5.7800697,6.6128088,False,0.63903113,False
20,2024-03-21,"xgboost|{'max_depth': 3, 'learning_rate': 0.1}",xgboost,"{'max_depth': 3, 'learning_rate': 0.1}",0,4,3,183,95.76,-0.84170718,5.7988287,6.6405359,False,0.79367403,False
24,2025-03-25,majority_baseline|{},majority_baseline,{},0,0,0,100,1.008,-0.49327079,-0.39217741,0.10109338,False,0.55800457,True
24,2025-03-25,"logistic|{'C': 0.01, 'class_weight': None}",logistic,"{'C': 0.01, 'class_weight': None}",0,1,0,236,58.968,-0.61228012,0.63747382,1.2497539,False,0.61589496,False
24,2025-03-25,"logistic|{'C': 0.01, 'class_weight': 'balanced'}",logistic,"{'C': 0.01, 'class_weight': 'balanced'}",0,1,1,261,70.056,-0.6497053,0.76651282,1.4162181,False,0.66173909,False
24,2025-03-25,"logistic|{'C': 0.1, 'class_weight': None}",logistic,"{'C': 0.1, 'class_weight': None}",0,1,2,223,56.952,-0.67963584,0.79534381,1.4749797,False,0.61665937,False
24,2025-03-25,"logistic|{'C': 0.1, 'class_weight': 'balanced'}",logistic,"{'C': 0.1, 'class_weight': 'balanced'}",0,1,3,233,63,-0.45892864,0.78580244,1.2447311,False,0.63997465,False
24,2025-03-25,"logistic|{'C': 1.0, 'class_weight': None}",logistic,"{'C': 1.0, 'class_weight': None}",0,1,4,221,58.968,-0.52979361,0.76809787,1.2978915,False,0.61114827,False
24,2025-03-25,"logistic|{'C': 1.0, 'class_weight': 'balanced'}",logistic,"{'C': 1.0, 'class_weight': 'balanced'}",0,1,5,225,60.984,-0.28485361,0.7566368,1.0414904,False,0.63216506,False
24,2025-03-25,"random_forest|{'max_depth': 3, 'min_samples_leaf': 50}",random_forest,"{'max_depth': 3, 'min_samples_leaf': 50}",0,2,0,137,41.328,-0.95727349,0.9743733,1.9316468,False,0.6048672,False
24,2025-03-25,"random_forest|{'max_depth': 3, 'min_samples_leaf': 20}",random_forest,"{'max_depth': 3, 'min_samples_leaf': 20}",0,2,1,138,44.352,-0.78334894,1.3756335,2.1589824,False,0.61027576,False
24,2025-03-25,"random_forest|{'max_depth': 5, 'min_samples_leaf': 50}",random_forest,"{'max_depth': 5, 'min_samples_leaf': 50}",0,2,2,180,52.416,-0.66731564,2.1154177,2.7827333,False,0.58286091,False
24,2025-03-25,"random_forest|{'max_depth': 5, 'min_samples_leaf': 20}",random_forest,"{'max_depth': 5, 'min_samples_leaf': 20}",0,2,3,180,60.48,-1.1048906,3.2333509,4.3382416,False,0.56249518,False
24,2025-03-25,"lightgbm|{'num_leaves': 7, 'learning_rate': 0.03, 'min_child_samples': 60}",lightgbm,"{'num_leaves': 7, 'learning_rate': 0.03, 'min_child_samples': 60}",0,3,0,281,130.032,-1.2187379,5.829072,7.0478099,False,0.56138535,False
24,2025-03-25,"lightgbm|{'num_leaves': 7, 'learning_rate': 0.03, 'min_child_samples': 30}",lightgbm,"{'num_leaves': 7, 'learning_rate': 0.03, 'min_child_samples': 30}",0,3,1,240,131.04,-0.78656935,6.0160187,6.802588,False,0.65346884,False
24,2025-03-25,"lightgbm|{'num_leaves': 7, 'learning_rate': 0.1, 'min_child_samples': 60}",lightgbm,"{'num_leaves': 7, 'learning_rate': 0.1, 'min_child_samples': 60}",0,3,2,261,143.136,-0.97388647,7.9670218,8.9409083,False,0.62143793,False
24,2025-03-25,"lightgbm|{'num_leaves': 7, 'learning_rate': 0.1, 'min_child_samples': 30}",lightgbm,"{'num_leaves': 7, 'learning_rate': 0.1, 'min_child_samples': 30}",0,3,3,259,134.064,-1.2317264,8.2939351,9.5256615,False,0.66348309,False
24,2025-03-25,"lightgbm|{'num_leaves': 15, 'learning_rate': 0.03, 'min_child_samples': 60}",lightgbm,"{'num_leaves': 15, 'learning_rate': 0.03, 'min_child_samples': 60}",0,3,4,303,151.2,-0.8001386,8.5418155,9.3419541,False,0.56175052,False
24,2025-03-25,"lightgbm|{'num_leaves': 15, 'learning_rate': 0.03, 'min_child_samples': 30}",lightgbm,"{'num_leaves': 15, 'learning_rate': 0.03, 'min_child_samples': 30}",0,3,5,247,134.064,-0.96773786,8.4424273,9.4101652,False,0.66424844,False
24,2025-03-25,"lightgbm|{'num_leaves': 15, 'learning_rate': 0.1, 'min_child_samples': 60}",lightgbm,"{'num_leaves': 15, 'learning_rate': 0.1, 'min_child_samples': 60}",0,3,6,253,135.072,-1.0372395,9.724493,10.761733,False,0.62118757,False
24,2025-03-25,"lightgbm|{'num_leaves': 15, 'learning_rate': 0.1, 'min_child_samples': 30}",lightgbm,"{'num_leaves': 15, 'learning_rate': 0.1, 'min_child_samples': 30}",0,3,7,224,120.96,-1.6871056,9.2983397,10.985445,False,0.64252883,False
24,2025-03-25,"xgboost|{'max_depth': 2, 'learning_rate': 0.03}",xgboost,"{'max_depth': 2, 'learning_rate': 0.03}",0,4,0,246,104.832,-0.44255543,3.9428333,4.3853888,False,0.57444083,False
24,2025-03-25,"xgboost|{'max_depth': 2, 'learning_rate': 0.1}",xgboost,"{'max_depth': 2, 'learning_rate': 0.1}",0,4,1,268,138.096,-0.94128763,5.8066696,6.7479573,False,0.53409924,False
24,2025-03-25,"xgboost|{'max_depth': 3, 'learning_rate': 0.03}",xgboost,"{'max_depth': 3, 'learning_rate': 0.03}",0,4,2,272,118.944,-1.098283,6.1577626,7.2560456,False,0.56615659,False
24,2025-03-25,"xgboost|{'max_depth': 3, 'learning_rate': 0.1}",xgboost,"{'max_depth': 3, 'learning_rate': 0.1}",0,4,3,236,130.536,-1.2740205,8.1004313,9.3744518,False,0.58157211,False
28,2026-03-26,majority_baseline|{},majority_baseline,{},0,0,0,300,0.504,-0.31579525,-0.39729257,-0.081497326,False,0.59945556,False
28,2026-03-26,"logistic|{'C': 0.01, 'class_weight': None}",logistic,"{'C': 0.01, 'class_weight': None}",0,1,0,299,64.008,0.14157707,0.65255046,0.51097339,False,0.65042744,True
28,2026-03-26,"logistic|{'C': 0.01, 'class_weight': 'balanced'}",logistic,"{'C': 0.01, 'class_weight': 'balanced'}",0,1,1,290,67.032,0.26115485,0.71864059,0.45748575,False,0.6469508,False
28,2026-03-26,"logistic|{'C': 0.1, 'class_weight': None}",logistic,"{'C': 0.1, 'class_weight': None}",0,1,2,309,70.056,0.40172687,0.58865983,0.18693297,False,0.7440495,False
28,2026-03-26,"logistic|{'C': 0.1, 'class_weight': 'balanced'}",logistic,"{'C': 0.1, 'class_weight': 'balanced'}",0,1,3,301,65.016,0.29927543,0.64950801,0.35023259,False,0.66532627,False
28,2026-03-26,"logistic|{'C': 1.0, 'class_weight': None}",logistic,"{'C': 1.0, 'class_weight': None}",0,1,4,308,71.064,0.38856009,0.60668292,0.21812283,False,0.74517511,False
28,2026-03-26,"logistic|{'C': 1.0, 'class_weight': 'balanced'}",logistic,"{'C': 1.0, 'class_weight': 'balanced'}",0,1,5,299,64.008,0.57878627,0.64642283,0.067636566,False,0.71749139,False
28,2026-03-26,"random_forest|{'max_depth': 3, 'min_samples_leaf': 50}",random_forest,"{'max_depth': 3, 'min_samples_leaf': 50}",0,2,0,287,50.4,-0.60410117,0.64581705,1.2499182,False,0.73860948,False
28,2026-03-26,"random_forest|{'max_depth': 3, 'min_samples_leaf': 20}",random_forest,"{'max_depth': 3, 'min_samples_leaf': 20}",0,2,1,268,58.464,-0.53686451,0.83427689,1.3711414,False,0.75813648,False
28,2026-03-26,"random_forest|{'max_depth': 5, 'min_samples_leaf': 50}",random_forest,"{'max_depth': 5, 'min_samples_leaf': 50}",0,2,2,287,64.008,-0.77142293,1.6582395,2.4296624,False,0.77484297,False
28,2026-03-26,"random_forest|{'max_depth': 5, 'min_samples_leaf': 20}",random_forest,"{'max_depth': 5, 'min_samples_leaf': 20}",0,2,3,270,67.032,-0.71033699,2.4274128,3.1377498,False,0.73862203,False
28,2026-03-26,"lightgbm|{'num_leaves': 7, 'learning_rate': 0.03, 'min_child_samples': 60}",lightgbm,"{'num_leaves': 7, 'learning_rate': 0.03, 'min_child_samples': 60}",0,3,0,254,113.904,-0.67547214,5.0346367,5.7101088,False,0.80249591,False
28,2026-03-26,"lightgbm|{'num_leaves': 7, 'learning_rate': 0.03, 'min_child_samples': 30}",lightgbm,"{'num_leaves': 7, 'learning_rate': 0.03, 'min_child_samples': 30}",0,3,1,258,111.888,-0.84156499,5.1312812,5.9728462,False,0.75327164,False
28,2026-03-26,"lightgbm|{'num_leaves': 7, 'learning_rate': 0.1, 'min_child_samples': 60}",lightgbm,"{'num_leaves': 7, 'learning_rate': 0.1, 'min_child_samples': 60}",0,3,2,245,107.856,-0.7815229,6.306904,7.0884269,False,0.83252972,False
28,2026-03-26,"lightgbm|{'num_leaves': 7, 'learning_rate': 0.1, 'min_child_samples': 30}",lightgbm,"{'num_leaves': 7, 'learning_rate': 0.1, 'min_child_samples': 30}",0,3,3,241,98.784,-0.88524844,5.2469958,6.1322442,False,0.71040784,False
28,2026-03-26,"lightgbm|{'num_leaves': 15, 'learning_rate': 0.03, 'min_child_samples': 60}",lightgbm,"{'num_leaves': 15, 'learning_rate': 0.03, 'min_child_samples': 60}",0,3,4,227,106.848,-0.75873919,6.4230813,7.1818204,False,0.81723046,False
28,2026-03-26,"lightgbm|{'num_leaves': 15, 'learning_rate': 0.03, 'min_child_samples': 30}",lightgbm,"{'num_leaves': 15, 'learning_rate': 0.03, 'min_child_samples': 30}",0,3,5,237,89.712,-0.74285214,6.5177841,7.2606362,False,0.69721947,False
28,2026-03-26,"lightgbm|{'num_leaves': 15, 'learning_rate': 0.1, 'min_child_samples': 60}",lightgbm,"{'num_leaves': 15, 'learning_rate': 0.1, 'min_child_samples': 60}",0,3,6,284,106.848,-0.66033754,5.3035925,5.96393,False,0.83573177,False
28,2026-03-26,"lightgbm|{'num_leaves': 15, 'learning_rate': 0.1, 'min_child_samples': 30}",lightgbm,"{'num_leaves': 15, 'learning_rate': 0.1, 'min_child_samples': 30}",0,3,7,261,108.864,-1.3564583,5.7935392,7.1499975,False,0.91264812,False
28,2026-03-26,"xgboost|{'max_depth': 2, 'learning_rate': 0.03}",xgboost,"{'max_depth': 2, 'learning_rate': 0.03}",0,4,0,248,101.304,-0.36479523,3.2417021,3.6064973,False,0.78642357,False
28,2026-03-26,"xgboost|{'max_depth': 2, 'learning_rate': 0.1}",xgboost,"{'max_depth': 2, 'learning_rate': 0.1}",0,4,1,271,127.008,-0.95544291,4.8225977,5.7780406,False,0.63315363,False
28,2026-03-26,"xgboost|{'max_depth': 3, 'learning_rate': 0.03}",xgboost,"{'max_depth': 3, 'learning_rate': 0.03}",0,4,2,267,112.896,-0.49740694,5.2041851,5.7015921,False,0.65229292,False
28,2026-03-26,"xgboost|{'max_depth': 3, 'learning_rate': 0.1}",xgboost,"{'max_depth': 3, 'learning_rate': 0.1}",0,4,3,267,109.872,-1.0057375,6.2999592,7.3056967,False,0.75032033,False
