feature,steps_selected
TNX_z_60,60
SMA_gap_50,60
high_low_range,60
Volatility_60,60
volume_z_20,60
vix_regime_high,60
vix_regime_low,60
intraday_ret,59
TNX_z_20,58
news_election_policy_rate,58
news_positive_rate,57
VIX,53
TNX_change_5,51
SMA_gap_10,49
RSI_14,48
TNX_change_1,42
YC_2Y10Y_z_60,38
news_rates_fed_rate,37
QQQ_ret_10,35
news_trade_tariff_rate,35
ret_lag_3,30
news_negative_rate,29
DXY_z_60,28
close_location_value,27
news_legal_regulation_rate,27
SMA_gap_20,25
VIX_ret_10,24
news_geopolitics_rate,23
news_constraining_rate,22
VIX_z_60,22
is_month_start,20
news_litigious_rate,19
Volatility_10,17
is_friday,17
log_ret,16
news_tone,11
VIX_z_20,10
QQQ_ret_5,10
YC_2Y10Y_change_1,10
overnight_gap,9
YC_2Y10Y_z_20,9
news_doc_count,9
news_uncertainty_rate,9
MACD_hist,8
OIL_ret_5,8
news_weak_modal_rate,7
DIA_ret_1,4
is_monday,3
TNX_change_10,2
QQQ_ret_1,2
ret_lag_2,2
ret_lag_5,1
