window,spec,benchmark,cost_bps_per_side,sessions,years,ann_mean_excess,ann_mean_total,cagr_total,ann_vol_excess,sharpe_excess,sortino_excess,max_drawdown,calmar,terminal_wealth,participation_rate,avg_net_exposure,avg_gross_exposure,turnover_per_year,hit_rate_active,breakeven_cost_bps_per_side
full,O2C,Cash,0,2926,11.61,0,0.021471993,0.021701827,0,,,0,,1.2831102,0,0,0,0,,
full,O2C,Always-long O2C,0,2926,11.61,0.052978374,0.074450367,0.067845356,0.13278733,0.3989716,0.51860348,-0.23202545,0.2924048,2.1429586,1,1,1,0,0.53691046,1.0511582
full,O2C,Always-short O2C,0,2926,11.61,-0.052978374,-0.031506381,-0.039546345,0.13278733,-0.3989716,-0.56008454,-0.45150749,-0.087587351,0.62593854,1,-1,1,0,0.45796309,-1.0511582
full,O2C,Prior-day O2C direction,0,2926,11.61,-0.047600013,-0.02612802,-0.034391528,0.13267641,-0.35876773,-0.44230013,-0.52981793,-0.064911976,0.66607557,0.99453178,0.079289132,0.99453178,255.5311,0.49037801,-0.94963753
full,O2C,Prior-day C2C direction,0,2926,11.61,-0.026688511,-0.0052165177,-0.013972438,0.13269773,-0.20112258,-0.25450312,-0.42670488,-0.032744968,0.84926874,0.99726589,0.096377307,0.99726589,256.39234,0.49588759,-0.53098572
full,O2C,5-day momentum,0,2926,11.61,-0.034177732,-0.012705739,-0.021313225,0.13264786,-0.25765763,-0.33284348,-0.48853935,-0.043626423,0.77868748,0.99794942,0.22829802,0.99794942,99.990431,0.49623288,-0.67952303
full,O2C,5-day reversal,0,2926,11.61,0.034177732,0.055649725,0.047996796,0.13264786,0.25765763,0.36519583,-0.29554194,0.16240266,1.7234619,0.99794942,-0.22829802,0.99794942,99.990431,0.49863014,0.67952303
full,C2C,SPY buy-and-hold,0,2926,11.61,0.1238402,0.14531219,0.13857454,0.17586472,0.70417874,0.86473255,-0.33717268,0.41098982,4.5125213,1,1,1,0,0.54716336,
full,C2C,Prior-day C2C direction (C2C spec),0,2926,11.61,-0.060794539,-0.039322546,-0.053413021,0.17582032,-0.34577651,-0.42760381,-0.56903588,-0.093865822,0.52868528,0.99726589,0.096377307,0.99726589,256.39234,0.48971899,
full,C2C,5-day momentum (C2C spec),0,2926,11.61,-0.04696836,-0.025496367,-0.040159532,0.1757837,-0.26719405,-0.34428021,-0.53064093,-0.07568118,0.62131418,0.99794942,0.22829802,0.99794942,99.990431,0.49041096,
full,C2C,5-day reversal (C2C spec),0,2926,11.61,0.045245872,0.066717865,0.052616577,0.1757837,0.25739515,0.34951322,-0.39230741,0.13412078,1.8137684,0.99794942,-0.22829802,0.99794942,99.990431,0.50753425,
full,O2C,Cash,1,2926,11.61,0,0.021471993,0.021701827,0,,,0,,1.2831102,0,0,0,0,,
full,O2C,Always-long O2C,1,2926,11.61,0.0025783739,0.024050367,0.015366128,0.13278733,0.019417319,0.025334808,-0.26644902,0.057670047,1.1937038,1,1,1,0,0.53691046,1.0511582
full,O2C,Always-short O2C,1,2926,11.61,-0.10337837,-0.081906381,-0.086767191,0.13278733,-0.77852588,-1.0965672,-0.68430535,-0.12679601,0.34858403,1,-1,1,0,0.45796309,-1.0511582
full,O2C,Prior-day O2C direction,1,2926,11.61,-0.097724415,-0.076252422,-0.081611756,0.13267701,-0.73655878,-0.91341988,-0.70259222,-0.11615807,0.3721298,0.99453178,0.079289132,0.99453178,255.5311,0.49037801,-0.94963753
full,O2C,Prior-day C2C direction,1,2926,11.61,-0.076950712,-0.055478719,-0.062316502,0.13269795,-0.57989376,-0.73735331,-0.57473803,-0.10842592,0.47374243,0.99726589,0.096377307,0.99726589,256.39234,0.49588759,-0.53098572
full,O2C,5-day momentum,1,2926,11.61,-0.084474383,-0.06300239,-0.069330817,0.13264804,-0.63683099,-0.82586554,-0.62299649,-0.11128605,0.43418934,0.99794942,0.22829802,0.99794942,99.990431,0.49623288,-0.67952303
full,O2C,5-day reversal,1,2926,11.61,-0.016118918,0.0053530748,-0.0034077042,0.13264783,-0.12151664,-0.17276413,-0.41854679,-0.0081417522,0.96114038,0.99794942,-0.22829802,0.99794942,99.990431,0.49863014,0.67952303
full,C2C,SPY buy-and-hold,1,2926,11.61,0.12383159,0.14530358,0.13856473,0.17586475,0.70412966,0.86478366,-0.33717268,0.41096074,4.51207,1,1,1,0,0.54716336,
full,C2C,Prior-day C2C direction (C2C spec),1,2926,11.61,-0.086433773,-0.06496178,-0.077381556,0.17581717,-0.49161166,-0.60942982,-0.63598815,-0.12167138,0.3925257,0.99726589,0.096377307,0.99726589,256.39234,0.48971899,
full,C2C,5-day momentum (C2C spec),1,2926,11.61,-0.056967403,-0.03549541,-0.049708551,0.17576703,-0.32410745,-0.41794785,-0.55779842,-0.089115619,0.55321391,0.99794942,0.22829802,0.99794942,99.990431,0.49041096,
full,C2C,5-day reversal (C2C spec),1,2926,11.61,0.035246829,0.056718822,0.042140603,0.17580949,0.20048308,0.27231235,-0.40317876,0.10452089,1.6148956,0.99794942,-0.22829802,0.99794942,99.990431,0.50753425,
full,O2C,Cash,2,2926,11.61,0,0.021471993,0.021701827,0,,,0,,1.2831102,0,0,0,0,,
full,O2C,Always-long O2C,2,2926,11.61,-0.047821626,-0.026349633,-0.034543743,0.13278733,-0.36013696,-0.47084844,-0.43193473,-0.079974451,0.66485745,1,1,1,0,0.53691046,1.0511582
full,O2C,Always-short O2C,2,2926,11.61,-0.15377837,-0.13230638,-0.13167518,0.13278733,-1.1580802,-1.6347879,-0.82194951,-0.16019862,0.19410307,1,-1,1,0,0.45796309,-1.0511582
full,O2C,Prior-day O2C direction,2,2926,11.61,-0.14784882,-0.12637682,-0.12653158,0.13267802,-1.114343,-1.3864766,-0.82035335,-0.15424034,0.207881,0.99453178,0.079289132,0.99453178,255.5311,0.49037801,-0.94963753
full,O2C,Prior-day C2C direction,2,2926,11.61,-0.12721291,-0.10574092,-0.10829927,0.13269837,-0.95866222,-1.222823,-0.75263111,-0.14389422,0.26423401,0.99726589,0.096377307,0.99726589,256.39234,0.49588759,-0.53098572
full,O2C,5-day momentum,2,2926,11.61,-0.13477103,-0.11329904,-0.11500142,0.13264838,-1.0160021,-1.3204196,-0.78178396,-0.14710127,0.24207188,0.99794942,0.22829802,0.99794942,99.990431,0.49623288,-0.67952303
full,O2C,5-day reversal,2,2926,11.61,-0.066415569,-0.044943576,-0.052300336,0.13264796,-0.50069048,-0.71326859,-0.55146415,-0.094839049,0.53594622,0.99794942,-0.22829802,0.99794942,99.990431,0.49863014,0.67952303
full,C2C,SPY buy-and-hold,2,2926,11.61,0.12382297,0.14529497,0.13855493,0.17586478,0.70408056,0.86472928,-0.33717268,0.41093165,4.5116188,1,1,1,0,0.54716336,
full,C2C,Prior-day C2C direction (C2C spec),2,2926,11.61,-0.11207301,-0.090601015,-0.10074779,0.17582829,-0.63740031,-0.79179157,-0.72913311,-0.13817476,0.29141583,0.99726589,0.096377307,0.99726589,256.39234,0.48971899,
full,C2C,5-day momentum (C2C spec),2,2926,11.61,-0.066966446,-0.045494453,-0.059164452,0.17575947,-0.38101188,-0.49169646,-0.58338951,-0.10141501,0.49256647,0.99794942,0.22829802,0.99794942,99.990431,0.49041096,
full,C2C,5-day reversal (C2C spec),2,2926,11.61,0.025247786,0.046719779,0.031766824,0.17584439,0.14358027,0.1951239,-0.41594429,0.076372787,1.4377951,0.99794942,-0.22829802,0.99794942,99.990431,0.50753425,
full,O2C,Cash,5,2926,11.61,0,0.021471993,0.021701827,0,,,0,,1.2831102,0,0,0,0,,
full,O2C,Always-long O2C,5,2926,11.61,-0.19902163,-0.17754963,-0.17008023,0.13278733,-1.4987998,-1.973186,-0.88455914,-0.19227684,0.11479402,1,1,1,0,0.53691046,1.0511582
full,O2C,Always-short O2C,5,2926,11.61,-0.30497837,-0.28350638,-0.25362335,0.13278733,-2.296743,-3.2555518,-0.96828677,-0.26193,0.033488963,1,-1,1,0,0.45796309,-1.0511582
full,O2C,Prior-day O2C direction,5,2926,11.61,-0.29822202,-0.27675003,-0.24857832,0.13268354,-2.2476189,-2.8243021,-0.96516938,-0.25754891,0.036213632,0.99453178,0.079289132,0.99453178,255.5311,0.49037801,-0.94963753
full,O2C,Prior-day C2C direction,5,2926,11.61,-0.27799952,-0.25652752,-0.23320117,0.13270087,-2.0949336,-2.6977486,-0.95627762,-0.24386346,0.04581666,0.99726589,0.096377307,0.99726589,256.39234,0.49588759,-0.53098572
full,O2C,5-day momentum,5,2926,11.61,-0.28566099,-0.26418899,-0.23904662,0.13265033,-2.1534887,-2.818385,-0.9594188,-0.24915774,0.041921341,0.99794942,0.22829802,0.99794942,99.990431,0.49623288,-0.67952303
full,O2C,5-day reversal,5,2926,11.61,-0.21730552,-0.19583353,-0.18510042,0.13264927,-1.6381961,-2.3428539,-0.9088001,-0.20367561,0.092858098,0.99794942,-0.22829802,0.99794942,99.990431,0.49863014,0.67952303
full,C2C,SPY buy-and-hold,5,2926,11.61,0.12379714,0.14526913,0.1385255,0.1758649,0.70393315,0.86456567,-0.33717268,0.41084438,4.510265,1,1,1,0,0.54716336,
full,C2C,Prior-day C2C direction (C2C spec),5,2926,11.61,-0.18899071,-0.16751872,-0.16738102,0.17594722,-1.074133,-1.3408621,-0.88843622,-0.18839959,0.11920465,0.99726589,0.096377307,0.99726589,256.39234,0.48971899,
full,C2C,5-day momentum (C2C spec),5,2926,11.61,-0.096963575,-0.075491582,-0.086982302,0.17579151,-0.55158282,-0.71298274,-0.69963114,-0.12432595,0.34763184,0.99794942,0.22829802,0.99794942,99.990431,0.49041096,
full,C2C,5-day reversal (C2C spec),5,2926,11.61,-0.0047493433,0.01672265,0.0012489424,0.17600371,-0.026984337,-0.036717356,-0.45264005,0.0027592396,1.0145981,0.99794942,-0.22829802,0.99794942,99.990431,0.50753425,
full,O2C,Cash,10,2926,11.61,0,0.021471993,0.021701827,0,,,0,,1.2831102,0,0,0,0,,
full,O2C,Always-long O2C,10,2926,11.61,-0.45102163,-0.42954963,-0.35515664,0.13278733,-3.3965712,-4.4948543,-0.99382795,-0.3573623,0.0061312909,1,1,1,0,0.53691046,1.0511582
full,O2C,Always-short O2C,10,2926,11.61,-0.55697837,-0.53550638,-0.42013091,0.13278733,-4.1945144,-5.9486106,-0.99827328,-0.42085762,0.0017864787,1,-1,1,0,0.45796309,-1.0511582
full,O2C,Prior-day O2C direction,10,2926,11.61,-0.54884403,-0.52737204,-0.41540208,0.132701,-4.1359451,-5.2411951,-0.99808606,-0.41619866,0.0019631514,0.99453178,0.079289132,0.99453178,255.5311,0.49037801,-0.94963753
full,O2C,Prior-day C2C direction,10,2926,11.61,-0.52931052,-0.50783853,-0.40383779,0.13270919,-3.9884993,-5.1719594,-0.99757963,-0.4048176,0.0024645157,0.99726589,0.096377307,0.99726589,256.39234,0.49588759,-0.53098572
full,O2C,5-day momentum,10,2926,11.61,-0.53714424,-0.51567225,-0.40848888,0.13265669,-4.0491304,-5.3278639,-0.99777321,-0.40940053,0.0022502775,0.99794942,0.22829802,0.99794942,99.990431,0.49623288,-0.67952303
full,O2C,5-day reversal,10,2926,11.61,-0.46878877,-0.44731678,-0.36651137,0.13265458,-3.5339057,-5.0553237,-0.99502164,-0.36834512,0.0049884714,0.99794942,-0.22829802,0.99794942,99.990431,0.49863014,0.67952303
full,C2C,SPY buy-and-hold,10,2926,11.61,0.12375407,0.14522607,0.13847643,0.17586521,0.70368707,0.86429137,-0.33717268,0.41069886,4.5080088,1,1,1,0,0.54716336,
full,C2C,Prior-day C2C direction (C2C spec),10,2926,11.61,-0.31718688,-0.29571489,-0.26772132,0.1764299,-1.7978069,-2.2640124,-0.9745929,-0.27470067,0.026837528,0.99726589,0.096377307,0.99726589,256.39234,0.48971899,
full,C2C,5-day momentum (C2C spec),10,2926,11.61,-0.14695879,-0.1254868,-0.13156445,0.17602708,-0.83486466,-1.0822512,-0.82925024,-0.1586547,0.19439066,0.99794942,0.22829802,0.99794942,99.990431,0.49041096,
full,C2C,5-day reversal (C2C spec),10,2926,11.61,-0.054744559,-0.033272565,-0.047659668,0.17645067,-0.31025419,-0.42344486,-0.55022767,-0.086618086,0.56722272,0.99794942,-0.22829802,0.99794942,99.990431,0.50753425,
oos,O2C,Cash,0,1866,7.4,0,0.028523481,0.0289307,0,,,0,,1.2351404,0,0,0,0,,
oos,O2C,Always-long O2C,0,1866,7.4,0.063763177,0.092286659,0.085445933,0.14364946,0.44388038,0.59717463,-0.14175469,0.60277324,1.8351443,1,1,1,0,0.54287245,1.2651424
oos,O2C,Always-short O2C,0,1866,7.4,-0.063763177,-0.035239696,-0.044579006,0.14364946,-0.44388038,-0.61841877,-0.3536866,-0.12604098,0.71342293,1,-1,1,0,0.45444802,-1.2651424
oos,O2C,Prior-day O2C direction,0,1866,7.4,-0.081929092,-0.05340561,-0.06182533,0.14357644,-0.57063047,-0.69353398,-0.52981793,-0.11669165,0.62340089,0.99732047,0.088424437,0.99732047,256.59164,0.48952176,-1.6299447
oos,O2C,Prior-day C2C direction,0,1866,7.4,-0.058663788,-0.030140306,-0.039725702,0.14358862,-0.40855457,-0.50468522,-0.42670488,-0.093098775,0.74069843,0.99892819,0.10610932,0.99892819,252.54019,0.49195279,-1.1652129
oos,O2C,5-day momentum,0,1866,7.4,-0.067881593,-0.039358111,-0.048527083,0.14364197,-0.47257493,-0.60596537,-0.48853935,-0.09933096,0.6918799,1,0.22829582,1,93.723473,0.49571275,-1.346857
oos,O2C,5-day reversal,0,1866,7.4,0.067881593,0.096405074,0.089949922,0.14364197,0.47257493,0.699654,-0.17551953,0.51247813,1.892285,1,-0.22829582,1,93.723473,0.50160772,1.346857
oos,C2C,SPY buy-and-hold,0,1866,7.4,0.14011617,0.16863965,0.16133201,0.1948419,0.71912754,0.88598551,-0.33717268,0.47848482,3.0268204,1,1,1,0,0.55305466,
oos,C2C,Prior-day C2C direction (C2C spec),0,1866,7.4,-0.082782154,-0.054258672,-0.07079475,0.19487185,-0.42480304,-0.51338334,-0.56903588,-0.12441175,0.58059648,0.99892819,0.10610932,0.99892819,252.54019,0.49785408,
oos,C2C,5-day momentum (C2C spec),0,1866,7.4,-0.05550034,-0.026976859,-0.045007141,0.19501391,-0.28459683,-0.36430209,-0.53064093,-0.084816564,0.71105907,1,0.22829582,1,93.723473,0.49839228,
oos,C2C,5-day reversal (C2C spec),0,1866,7.4,0.053774313,0.082297794,0.065347724,0.19501391,0.27574604,0.37993291,-0.27938077,0.23390201,1.5979646,1,-0.22829582,1,93.723473,0.50053591,
oos,O2C,Cash,1,1866,7.4,0,0.028523481,0.0289307,0,,,0,,1.2351404,0,0,0,0,,
oos,O2C,Always-long O2C,1,1866,7.4,0.013363177,0.041886659,0.032104796,0.14364946,0.093026296,0.12529318,-0.20166432,0.15919919,1.2636344,1,1,1,0,0.54287245,1.2651424
oos,O2C,Always-short O2C,1,1866,7.4,-0.11416318,-0.085639696,-0.091553657,0.14364946,-0.79473447,-1.1097163,-0.53782251,-0.17023024,0.49115221,1,-1,1,0,0.45444802,-1.2651424
oos,O2C,Prior-day O2C direction,1,1866,7.4,-0.13219404,-0.10367056,-0.10783483,0.14357684,-0.92071983,-1.1238654,-0.64705955,-0.16665364,0.42959477,0.99732047,0.088424437,0.99732047,256.59164,0.48952176,-1.6299447
oos,O2C,Prior-day C2C direction,1,1866,7.4,-0.10900977,-0.080486287,-0.086888742,0.14358875,-0.75918044,-0.94134614,-0.52925899,-0.16417056,0.51013765,0.99892819,0.10610932,0.99892819,252.54019,0.49195279,-1.1652129
oos,O2C,5-day momentum,1,1866,7.4,-0.11828159,-0.089758111,-0.095308377,0.14364197,-0.82344732,-1.0583116,-0.62056093,-0.15358424,0.47631808,1,0.22829582,1,93.723473,0.49571275,-1.346857
oos,O2C,5-day reversal,1,1866,7.4,0.017481593,0.046005074,0.036388316,0.14364197,0.12170254,0.18033936,-0.19912096,0.18274478,1.3029882,1,-0.22829582,1,93.723473,0.50160772,1.346857
oos,C2C,SPY buy-and-hold,1,1866,7.4,0.14010267,0.16862615,0.1613165,0.19484116,0.71906095,0.88590012,-0.33717268,0.47843883,3.0265211,1,1,1,0,0.55305466,
oos,C2C,Prior-day C2C direction (C2C spec),1,1866,7.4,-0.10804968,-0.079526196,-0.093989035,0.19487258,-0.55446322,-0.67110425,-0.62053787,-0.15146382,0.48148574,0.99892819,0.10610932,0.99892819,252.54019,0.49785408,
oos,C2C,5-day momentum (C2C spec),1,1866,7.4,-0.064886192,-0.036362711,-0.053925511,0.19498513,-0.33277507,-0.42619859,-0.55779842,-0.096675627,0.66333485,1,0.22829582,1,93.723473,0.49839228,
oos,C2C,5-day reversal (C2C spec),1,1866,7.4,0.044388461,0.072911942,0.055389626,0.1950505,0.22757419,0.31363698,-0.28124501,0.19694439,1.490618,1,-0.22829582,1,93.723473,0.50053591,
oos,O2C,Cash,2,1866,7.4,0,0.028523481,0.0289307,0,,,0,,1.2351404,0,0,0,0,,
oos,O2C,Always-long O2C,2,1866,7.4,-0.037036823,-0.0085133414,-0.018624935,0.14364946,-0.25782779,-0.34745089,-0.27721175,-0.067186672,0.87004209,1,1,1,0,0.54287245,1.2651424
oos,O2C,Always-short O2C,2,1866,7.4,-0.16456318,-0.1360397,-0.13622745,0.14364946,-1.1455886,-1.6029871,-0.67596144,-0.20153138,0.33810587,1,-1,1,0,0.45444802,-1.2651424
oos,O2C,Prior-day O2C direction,2,1866,7.4,-0.182459,-0.15393551,-0.15159649,0.14357743,-1.2708056,-1.5555039,-0.74011321,-0.20482878,0.29601805,0.99732047,0.088424437,0.99732047,256.59164,0.48952176,-1.6299447
oos,O2C,Prior-day C2C direction,2,1866,7.4,-0.15935575,-0.13083227,-0.13174416,0.14358895,-1.1098051,-1.3797433,-0.66143044,-0.19918068,0.35131842,0.99892819,0.10610932,0.99892819,252.54019,0.49195279,-1.1652129
oos,O2C,5-day momentum,2,1866,7.4,-0.16868159,-0.14015811,-0.13979824,0.14364197,-1.1743197,-1.5113781,-0.71852105,-0.19456388,0.32789212,1,0.22829582,1,93.723473,0.49571275,-1.346857
oos,O2C,5-day reversal,2,1866,7.4,-0.032918407,-0.0043949258,-0.014551133,0.14364197,-0.22916984,-0.33978544,-0.2628571,-0.055357583,0.89714364,1,-0.22829582,1,93.723473,0.50160772,1.346857
oos,C2C,SPY buy-and-hold,2,1866,7.4,0.14008916,0.16861264,0.16130099,0.19484043,0.71899433,0.88581472,-0.33717268,0.47839282,3.0262218,1,1,1,0,0.55305466,
oos,C2C,Prior-day C2C direction (C2C spec),2,1866,7.4,-0.1333172,-0.10479372,-0.11660882,0.19488621,-0.68407714,-0.82953429,-0.67739436,-0.17214318,0.39927877,0.99892819,0.10610932,0.99892819,252.54019,0.49785408,
oos,C2C,5-day momentum (C2C spec),2,1866,7.4,-0.074272044,-0.045748563,-0.062762354,0.19496419,-0.38095224,-0.48816515,-0.58338951,-0.10758225,0.61880514,1,0.22829582,1,93.723473,0.49839228,
oos,C2C,5-day reversal (C2C spec),2,1866,7.4,0.035002608,0.06352609,0.045522645,0.19509492,0.17941322,0.2474374,-0.2831048,0.16079785,1.3904634,1,-0.22829582,1,93.723473,0.50053591,
oos,O2C,Cash,5,1866,7.4,0,0.028523481,0.0289307,0,,,0,,1.2351404,0,0,0,0,,
oos,O2C,Always-long O2C,5,1866,7.4,-0.18823682,-0.15971334,-0.15638866,0.14364946,-1.3103901,-1.770078,-0.71996158,-0.21721807,0.28385863,1,1,1,0,0.54287245,1.2651424
oos,O2C,Always-short O2C,5,1866,7.4,-0.31576318,-0.2872397,-0.25753933,0.14364946,-2.1981508,-3.0870217,-0.89124535,-0.2889657,0.11024723,1,-1,1,0,0.45444802,-1.2651424
oos,O2C,Prior-day O2C direction,5,1866,7.4,-0.33325385,-0.30473037,-0.27046221,0.14358032,-2.3210274,-2.8648229,-0.90264409,-0.29963328,0.096805828,0.99732047,0.088424437,0.99732047,256.59164,0.48952176,-1.6299447
oos,O2C,Prior-day C2C direction,5,1866,7.4,-0.31039369,-0.28187021,-0.25356245,0.14359,-2.1616665,-2.7085935,-0.88571528,-0.28627986,0.11469565,0.99892819,0.10610932,0.99892819,252.54019,0.49195279,-1.1652129
oos,O2C,5-day momentum,5,1866,7.4,-0.31988159,-0.29135811,-0.26061049,0.14364197,-2.2269369,-2.8815801,-0.89651258,-0.29069362,0.10691482,1,0.22829582,1,93.723473,0.49571275,-1.346857
oos,O2C,5-day reversal,5,1866,7.4,-0.18411841,-0.15559493,-0.15288461,0.14364197,-1.281787,-1.9018982,-0.70652397,-0.21638984,0.29270619,1,-0.22829582,1,93.723473,0.50160772,1.346857
oos,C2C,SPY buy-and-hold,5,1866,7.4,0.14004865,0.16857213,0.16125445,0.19483828,0.71879431,0.88555854,-0.33717268,0.4782548,3.0253239,1,1,1,0,0.55305466,
oos,C2C,Prior-day C2C direction (C2C spec),5,1866,7.4,-0.20911977,-0.18059629,-0.18116067,0.19500449,-1.0723844,-1.3045376,-0.80180264,-0.22594172,0.22764442,0.99892819,0.10610932,0.99892819,252.54019,0.49785408,
oos,C2C,5-day momentum (C2C spec),5,1866,7.4,-0.1024296,-0.073906119,-0.088790972,0.19494835,-0.52541917,-0.67432701,-0.65163957,-0.1362578,0.50232062,1,0.22829582,1,93.723473,0.49839228,
oos,C2C,5-day reversal (C2C spec),5,1866,7.4,0.0068450522,0.035368534,0.016460281,0.19527504,0.035053391,0.048384283,-0.28865755,0.05702356,1.1285033,1,-0.22829582,1,93.723473,0.50053591,
oos,O2C,Cash,10,1866,7.4,0,0.028523481,0.0289307,0,,,0,,1.2351404,0,0,0,0,,
oos,O2C,Always-long O2C,10,1866,7.4,-0.44023682,-0.41171334,-0.34450858,0.14364946,-3.0646605,-4.1414482,-0.95672206,-0.36009265,0.043825047,1,1,1,0,0.54287245,1.2651424
oos,O2C,Always-short O2C,10,1866,7.4,-0.56776318,-0.5392397,-0.42317722,0.14364946,-3.9524212,-5.5496266,-0.9829897,-0.43050016,0.01700497,1,-1,1,0,0.45444802,-1.2651424
oos,O2C,Prior-day O2C direction,10,1866,7.4,-0.58457861,-0.55605513,-0.43284412,0.14358888,-4.0711968,-5.0569453,-0.98479512,-0.43952708,0.015004627,0.99732047,0.088424437,0.99732047,256.59164,0.48952176,-1.6299447
oos,O2C,Prior-day C2C direction,10,1866,7.4,-0.56212359,-0.53360011,-0.4199278,0.14359326,-3.9146935,-4.9282891,-0.98203334,-0.42761053,0.017727232,0.99892819,0.10610932,0.99892819,252.54019,0.49195279,-1.1652129
oos,O2C,5-day momentum,10,1866,7.4,-0.57188159,-0.54335811,-0.42556563,0.14364197,-3.9812988,-5.1676804,-0.9837321,-0.43260318,0.016490454,1,0.22829582,1,93.723473,0.49571275,-1.346857
oos,O2C,5-day reversal,10,1866,7.4,-0.43611841,-0.40759493,-0.34178315,0.14364197,-3.0361489,-4.4883869,-0.95459783,-0.35803889,0.045192426,1,-0.22829582,1,93.723473,0.50160772,1.346857
oos,C2C,SPY buy-and-hold,10,1866,7.4,0.13998112,0.16850461,0.16117686,0.19483484,0.71846043,0.88513157,-0.33717268,0.47802467,3.0238274,1,1,1,0,0.55305466,
oos,C2C,Prior-day C2C direction (C2C spec),10,1866,7.4,-0.33545739,-0.30693391,-0.27850921,0.19545892,-1.7162552,-2.1005619,-0.91205887,-0.3053632,0.089172871,0.99892819,0.10610932,0.99892819,252.54019,0.49785408,
oos,C2C,5-day momentum (C2C spec),10,1866,7.4,-0.14935886,-0.12083538,-0.13060826,0.19507857,-0.76563438,-0.98493575,-0.74152251,-0.17613526,0.35473606,1,0.22829582,1,93.723473,0.49839228,
oos,C2C,5-day reversal (C2C spec),10,1866,7.4,-0.040084208,-0.011560727,-0.030229398,0.19573096,-0.20479237,-0.28311218,-0.33123105,-0.091263783,0.79668608,1,-0.22829582,1,93.723473,0.50053591,
