body_element_present,body,attachment_kinds,card_title,card_description,video_transcript,is_repost,status_id,was_empty_in_snapshot,old_text_len,error
False,,image,,,"Two men in suits walking on a red carpet towards a crowd waving flags, with a large aircraft in the background. The atmosphere is formal, and other people in traditional and formal attire are present, indicating a ceremonial or official event.",False,33471,True,0,
False,,video,,,"Well, thank you",False,30743,True,0,
False,,video,,,"There is no information available for this file. The site periodically processes attachment images and videos, so more information may be be available soon.",False,35491,True,0,
False,,image,,,"Donald Trump addressing a large crowd at a rally, with bright lights behind him and tweet overlayed with a statement about no tax on Social Security for seniors and no tax on tips.",False,24368,True,0,
False,,image,,,"Official White House letter dated July 31, 2025, addressed to Mr. David Ricks of Eli Lilly and Company. The letter discusses the signing of an Executive Order aimed at delivering ""Most-Favored-Nation"" prescription drug pricing for American patients to ensure they pay prices similar to those in other developed nations. It demands actions from drug manufacturers, such as extending MFN pricing to Medicaid, guaranteeing it for newly-launched drugs, repatriating increased revenues, and providing direct purchasing options. The letter emphasizes the need for global pricing parity and urges action by September 29, 2025, with a focus on protecting American families from high drug prices. It is signed by the President.",False,32298,True,0,
False,,image,,,"Group of men with tattoos wearing tank tops and t-shirts, overlaid with text: ""YOUR NEW APARTMENT MANAGERS IF KAMALA'S RE-ELECTED"" and ""VOTE TRUMP 2024"".",False,25818,True,0,
False,,video,,,"[""The Star Spangled Banner""]",False,33359,True,0,
False,,image,,,"Tweets from Pete Ricketts, Senator Dave McCormick, and Gary Palmer expressing support for Donald Trump. Ricketts criticizes Joe Biden's border policies, contrasting them with Trump's administration. McCormick praises Trump's role in bringing Marc Fogel back to Pennsylvania, highlighting leadership and a reunion at a Joint Session of Congress. Palmer discusses job growth under Trump after job declines in the previous administration, emphasizing economic recovery.",False,36194,True,0,
False,,video,,,"There is no information available for this file. The site periodically processes attachment images and videos, so more information may be be available soon.",False,36862,True,0,
False,,video,,,"What I'm thankful for this Thanksgiving, I praise God every day that Donald Trump is our president. And we've gone from 30 percent inflation, 20 million illegals, unlimited refugees, violent crime in our cities, to security in our cities, no more illegals, no more refugees, and finally a country that puts American citizens first.",False,34146,True,0,
False,,image,,,"Debbie Lesko wins, endorsed by President Trump. Trump Vance 2024 campaign.",False,24270,True,0,
True,,image,,,"$93 billion spent at the Department of Energy after Trump's election but before taking office, given to non-qualified entities. Mila Joy comments on people needing accountability and mentions Senator Kennedy.",True,35008,True,0,
False,,image,,,"Michael Henry tweet criticizing the U.S. Attorney General, referencing a $500 million civil fraud judgment against the former President that was overturned. Includes a New York Post article preview with images of the former President, a judge, and the Attorney General.",False,35691,True,0,
True,,image,,,"Profile image of a man next to the username ""@RobertKennedyJr"" with a verified badge. The text states, ""If you want to avoid nuclear war, I strongly urge you to vote for Donald Trump. In fact, I would go so far as to say that a vote for Kamala Harris is a vote for nuclear war.""",True,27737,True,0,
False,,video,,,"There is no information available for this file. The site periodically processes attachment images and videos, so more information may be be available soon.",False,33036,True,0,
False,,image,,,"A group of formally dressed individuals descending a staircase in a grand interior setting. Two prominent figures are engaged in conversation at the front, with one in a suit and the other in professional attire. The atmosphere suggests a formal or diplomatic event, with attendees exhibiting attentive expressions. The image is in black and white, adding a classic and timeless feel to the scene.",False,33478,True,0,
False,,image,,,"A man in a tuxedo smiling, with a quote beside him: ""Our long national nightmare ends January 20th."" Attributed to Sean Hannity, with a Fox News Channel logo in the corner.",False,28480,True,0,
False,,video,,,"I will fight for you with every breath in my body And I will never ever let you down Ha, yeah, this war, I'm chucking bodies on the floor I'm with it all, I talk to my demons and I see the writings on the wall Dying when it's your work, I get excited for them calls And Noah ain't crying when he go Cause Brody was fighting for the cause I do this for my brother, we do this for each other The whole world watching him move, so everybody see me suffer I'm on board and she on force When Trump called I was on tour and that was my winning and it's your loss As Balenciaga with the store calls I'm not supposed to be here tonight I'm here today to announce a brand new plan to deliver more opportunity More security, more fairness I'm what they can't be That's why they can't stand me To get broke back I give these Grammys Cause they ain't nothing bigger than the family I'm too blunt, they ain't understand me I need help, they ain't wanna hear me They not us, I don't wanna nab me",False,25072,True,0,
True,,image,,,"Tweet by a user with a U.S. flag emoji and verified checkmark. The tweet discusses a poll watcher alleging election fraud, stating duplicate military ballots favored Biden on November 3, 2020, and none for Trump. The text calls the 2020 election a ""treasonous conspiracy"" with a note emoji.",True,35065,True,0,
,,,,,,,30692,True,0,"ReadTimeout: HTTPSConnectionPool(host='trumpstruth.org', port=443): Read timed out. (read timeout=30)"
False,,image,,,"A group of people, including notable figures, are gathered in a formal setting. They're dressed in suits and traditional attire. The scene depicts a moment of interaction and cordial expressions. The event appears significant with attention from several individuals, suggesting a diplomatic or official gathering.",False,33939,True,0,
False,,image,,,"Border Patrol Union – NBPC accuses Biden administration of enabling Mexican cartels by allowing access to U.S. borders, resulting in cartels obtaining military-grade weapons. Criticizes ""Border Czar"" Kamala Harris and ongoing DHS shutdown, while praising support from Trump, SecWar Hegseth, Sec_Noem, and RealTomHoman. Emphasizes strength of U.S. border security and plans for largest deportation operation, thanking Trump for his commitment to national safety.",False,36871,True,0,
False,,video,,,"Is there a timeline to get Hamas to disarm? It's not a hard timeline, but it's a line in my own mind. And at a certain point, if they don't do what they're supposed to do, then we'll have to do it for them. If we win the tariff case, which hopefully we will, it's vital to the interests of our country. We're the wealthiest country there is. We'll see what happens with China. They're always looking for an edge. You know, they ripped off our country for years. I think we're going to be fine with China, but we have to have a fair deal. It's got to be fair. Investing in America, $20 trillion. No country's ever done anywhere even near that. It's a miracle what's happening. We are building the greatest country in the world. If they took away tariffs, then they've taken away our national security. The Democrats are kamikazes right now. They're kamikaze pilots right now. They have nothing going. They have no future. They have incompetent candidates. You look at what we did in D.C. Washington, D.C. Was a death trap. We moved out 1, 700 career criminals and criminals from other countries that came in through Biden's open border. We're going to go to San Francisco. The differences, I think they want us in San Francisco, are cities that are Democrat run, exclusively, just about, are unsafe cities. They want $1.5 trillion for health care for illegal aliens that come into our country. If we do that, it will jeopardize the health care of the citizens of our country. I see John Bolton just got indicted. That's a good thing. He's a bad guy. All he wanted to do was drop bombs on people. I don't know what he did. It must be pretty severe. But whatever it is, let the courts decide. Obama spied on my campaign. And he did it knowing it was illegal, and there were a lot of dishonest people, and I suspect they'll be caught.",False,33360,True,0,
False,,video,,,"There is no information available for this file. The site periodically processes attachment images and videos, so more information may be be available soon.",False,33954,True,0,
False,,image,,,"Man wearing a cap with ""Make America Great Again"" stands in a formal suit against a light background. Bold, golden text reads ""Get Ready for the Golden Age"" in the foreground. The bottom text states ""Paid for by Make America Great Again Inc. Not authorized by any candidate or candidate’s committee.""",False,28204,True,0,
False,,image,,,"Marc Thiessen tweet from X.com discussing the endurance of the Cuban regime since Eisenhower and speculating about the potential impact of Donald Trump. Includes a timestamp of 4:03 PM on January 8, year '26', with 191,000 views.",False,34923,True,0,
False,,image,,,,False,29555,True,0,
False,,video,,,"Why have you come down here today? Trump is a legend and absolutely here to support him. He's wonderful. He's not a politician and that's why he's doing so well in America. He's a businessman and honestly I wish he could do the same here that's happening in America because he's saving the people there a lot of money, he loves his country, he's a very patriotic man and I just wish he was here. So yeah, we've come to support him. Are you a bit, is it a bit of a shame that it's all behind these sort of walls that we might not actually get a glimpse here on the high street of Donald Trump? Yeah, I believe he's coming in via helicopter straight into the grounds, about quarter to 12. And then there's gonna be a fly past about quarter to 5 in the evening. So yeah it's a shame when Macron was here apparently there was a carriage ride through the town that's not happening whether it's heightened security for Trump and the First Lady which is fair enough And also because of the Charlie Kirk incident in the States, the security is heightened. So as long as he's kept safe, that's cool. It's nice to be here in the atmosphere. And yeah, just keep him safe and Let him keep doing what he's doing. Can I ask what it says on your shirt there? Oh, Brits for Trump.",False,33033,True,0,
False,,image,,,,False,29069,True,0,
False,,image,,,"The interior of Union Station in Washington D.C., featuring grand arched ceilings with intricate gold detailing and geometric patterns. A tweet above the image expresses a positive change in the atmosphere at the station, mentioning the presence of families and the absence of disturbances.",False,35720,True,0,
True,,image,,,,True,34650,True,0,
False,,image,,,,False,25508,True,0,
False,,image,,,"""Stacking Up Wins"" in bold red and white at the top. A man wearing a red cap and suit, partially obscured by torn newspaper clippings. Headlines include Fox Business on tariff revenues, Tribune-Review on historic investment, Axios on illegal border crossings, Breitbart News on consumer prices, and Bloomberg on ice cream makers' pledge.",False,32037,True,0,
False,,video,,,"[""Pomp and Circumstance March""]",False,34939,True,0,
False,,image,,,,False,25488,True,0,
False,,video,,,"Initiated by a court order, the Michigan investigation team obtained forensic access to a DS-200 tabulator, the machine that counts the votes. A Telet 4G wireless chip manufactured in Taiwan was discovered embedded into the motherboard. The voting machine tapes clearly indicate modem engagement and transmission of election data. Some of the anomalies that we noticed in the 2020 general elections, that 5 key states all stopped counting at the certain time in these key battleground states. These were all where the software, the mini machines, the SNS machines were used, the Smartmatic, the Gems software. So when the vote stopped counting, and this has been noted in other countries as well, President Trump was significantly ahead when reporting and counting resumed. There was a massive spike occurred that favored Joe Biden. You",False,36537,True,0,
False,,,,,,False,33947,True,0,
False,,image,,,"Statement from President Donald J. Trump dated November 20, 2024, announcing the appointment of former Acting Attorney General Matthew G. Whitaker as U.S. Ambassador to NATO. Highlights Whitaker's credentials and commitment to strengthening U.S. interests and relationships with NATO allies. Emphasizes themes of peace, strength, and integrity.",False,28329,True,0,
False,,image,,,"A man in a blue suit with a red and white striped tie claps his hands at an event, with blurred lights and bright flares in the background.",False,28839,True,0,
False,,image,,,"President Donald Trump holds up signed executive orders on artificial intelligence, accompanied by two men in suits. A United States flag and presidential seal are visible in the background.",False,35809,True,0,
False,,video,,,Ready to go. Ready to go. Thanks for watching!,False,30765,True,0,
False,,image,,,"Article titled ""Don’t Be a Panican. We’re Winning—and We’re Not Slowing Down"" from The White House, dated February 9, 2026. Under President Donald J. Trump's leadership, it emphasizes achievements such as stock market gains, ICE operations against illegal activity, and opposition to certain medical practices for minors. The text claims a successful America First agenda and criticizes the media and opposition.",False,37049,True,0,
False,,video,,,"Look, I've been hearing for 10 years that Trump's gonna lose his base over this or that or the other. And for millions upon millions of Republicans who support what he's doing, who have lived through the last 10 years, they have learned to take Donald Trump for who he is all in all the time And they are very appreciative of what he's doing for the country. They like what he's done on taxes. They like what he's doing on immigration. They like that he lives up to his campaign promises. But we're living through another moment here where a bunch of people are going to come out and make predictions about Trump and the base and this and that. And the reality is, it's not true. There are going to be a lot of people who don't like up this statement and they're going to assess the state of American politics and assess the alternative and say I knew what I was signing up for when I vote for 3 times I'm going to write it out that he is the most consequential political force in the modern era he is the strongest party boss either party has ever seen he got more votes each time he appeared on the ballot he has people that will only vote for him that put you in a different realm I mean when you're that kind of a into term presidents often have this but you",False,34439,True,0,
False,,video,,,"What are you kidding me? 56% approval in a brand new Rasmussen poll for President Trump. 56% of the American people think he's doing a great job. That is a landslide. That is awesome. And you consider everything he's up against and everything he's going through and everything that all the innovation That he's come up with and the constant loud opposition of the media and his numbers at 56 percent You know who that beats Ronald Reagan at this point in his second term, just 52%. It reminds me, the Gipper and President Trump together. Isn't this an amazing picture? The 2 of them at some function at the White House. Look at that, we've got the 40th president and the 45th and the 47th president all in 1 spot. It's it's pretty awesome. So 56%. That is historic. I always knew that actually President Trump's vision would be popular. What's really not to like about it? When you get through all of the rhetoric and the distortions, make America great again, having borders, not sexualizing children, not getting into forever wars and then not winning them, it just has mass appeal. And you think about where he was a year ago, not even a year ago. He was still going through all of this nonsense, all of this crap. And today, 56 percent in the polls. That's important. It's not just some number. It's important for him to get his agenda completed, right? People respond. People in The Beltway, they respect a number like that a lot.",False,31561,True,0,
False,,video,,,"There is no information available for this file. The site periodically processes attachment images and videos, so more information may be be available soon.",False,36796,True,0,
True,,image,,,"Tweet by a verified user named Caroline with the handle @car_oline2001, stating, ""Marco Rubio is 100% right Your Thoughts?""",True,36291,True,0,
True,,image,,,"Tweet by user John with the handle @MagaGrunt1. The message includes American flag emojis and reads: ""Know your facts on Ilhan Omar and her family. Don’t be confused on who she is and what she supports.""",True,34092,True,0,
,,,,,,,37114,True,0,"ReadTimeout: HTTPSConnectionPool(host='trumpstruth.org', port=443): Read timed out. (read timeout=30)"
False,,image,,,"Man in a dark coat and red tie standing near a border wall adorned with American flags, holding an object, with an ATV parked nearby. The text overlay reads, ""6 MONTHS, 0 RELEASES.""",False,35394,True,0,
True,,image,,,"Sami Nathaniel's tweet urging the passage of the SAVE Act, profile includes a verified checkmark.",True,36797,True,0,
False,,image,,,"Letter from the White House, Washington, dated July 9, 2025, addressed to His Excellency Aruna Kumara Dissanayake, President of the Democratic Socialist Republic of Sri Lanka. The letter discusses the strength and commitment of the trade relationship between the United States and Sri Lanka, despite a significant trade deficit. It invites participation in the U.S. economy and announces new tariff measures to promote balanced trade. The message emphasizes potential collaborative benefits and addresses trade policies and barriers.",False,31940,True,0,
True,,image,,,"Happy Birthday message for the U.S. Coast Guard with an image of a person saluting in front of a U.S. Coast Guard ship. The text reads ""Celebrating 235 Years.""",True,32371,True,0,
False,,image,,,"Fox & Friends promotional graphic with Donald Trump. Text reads ""President Donald Trump Tomorrow"" against a vibrant yellow and orange background with abstract geometric designs.",False,32939,True,0,
False,,video,,,"Why do you blame the Biden administration? Because they let him in. Are you stupid? Are you a stupid person? Because they came in on a plane, along with thousands of other people that shouldn't be here, and you're just asking questions because you're a stupid person. And there's a law passed that it's almost impossible not to get them out. You can't get them out once they come in. And they came in and they were unvetted, they were unchecked, there were many of them, and they came in on big planes and it was disgraceful. And if you look, you'll see there was a law passed. It makes it almost impossible not to let them in, not to certify them, so to speak, once they come in. And they came in, and they shouldn't have come in, and frankly the whole thing was a mess. The whole Afghanistan situation was a mess. It should have never taken place. If we're going to go out, and we would have gone out, because I had everybody ready to go, we were going to go out with strength and dignity and precision, and we would have left for Bagram. And we would have kept Bagram, by the way, because of its very close relationship to China and where they make their missiles. But when you let the people come in by the thousands and thousands and thousands, they made a terrible mistake. But they weren't competent. Yeah.",False,35252,True,0,
False,,video,,,"What do you mean by reverse migration? It means get people out that are in our country, get them out of here. I want to get them out. We got a lot of people in our country that shouldn't be here. And they came in through Biden. And he was the worst president in the history of our country. But The single biggest thing he did was allow millions, the worst, allow millions of people into our country that shouldn't be here. Drug dealers, prisons were opened up and allowed to come into our country. You take a Look at the people that were allowed to come into our country. We're paying a big price for it and we will for years to come, including the recent killer of 2 wonderful National Guards people. And I'll tell you what, that animal should not have been allowed to come into our country.",False,35343,True,0,
False,,video,,,"We've got a few gifts for you. Barkey, do you want to come out? Sure. Oh, I like this 1. This is a trick. They say it's really heavy. This is a trick. No matter what I do, I'll win. Yeah. Yeah. Yeah. Yeah. Yeah. Yeah. Yeah. Yeah. Yeah. Yeah. Do I get that too? Do I get that? Hold up over there. His father was some great player too. Great guy. Genetics. Thank you very much. Appreciate it. Thank you. Thank you. Thank you.",False,29447,True,0,
True,,image,,,"RWB_American tweet praising Tom Homan, mentioning his impact on ICE's success in dealing with illegal immigration, and wishing him a Merry Christmas.",True,34333,True,0,
True,,image,,,"Tweet from the user @heyitsmeCarolyn with the handle ""Bl♚ndies,"" featuring a profile picture and a verified check mark. The message reads ""Good Night Patriot Friends!"" with star emojis surrounding the text.",True,36508,True,0,
False,,image,,,"GAGOP tweet by @GaRepublicans expressing support for Chairman Emeritus David Shafer, who stood by President Trump in 2020. The tweet claims Fani Willis demanded Shafer to repudiate Trump and apologize, threatening him with bankruptcy and prison. Despite this, Shafer is portrayed as having fought back and succeeded. The tweet encourages followers to ""Follow him.""",False,36788,True,0,
False,,image,,,"Bill's Message of the Day, dated December 2, 2024, titled ""The World is Changing."" The text discusses Donald Trump's return to the White House, issues such as a ceasefire in Ukraine, Iran's economy, Canadian Prime Minister Trudeau, Mexico's cooperation, and President Biden's leadership. It highlights concerns about government spending, public broadcasting funding, and sugar in food, mentioning Elon Musk, Vivek Ramaswamy, and Bobby Kennedy Jr. The message concludes with a call to reduce wasteful spending and improve nutrition. Posted by Bill O'Reilly.",False,28533,True,0,
True,,video,,,"There is no information available for this file. The site periodically processes attachment images and videos, so more information may be be available soon.",True,31970,True,0,
False,,video,,,"There is no information available for this file. The site periodically processes attachment images and videos, so more information may be be available soon.",False,34956,True,0,
False,,image,,,"Indiana SD 38 Republican primary polling comparison. Left chart shows current polling: Greg Goode at 39%, Brenda Wilson at 14%, and 46% undecided. Right chart shows polling if Trump endorses: Greg Goode at 20%, Brenda Wilson at 59%, and 21% undecided. Data from Fabrizio, Lee & Associates, January 6-8, 2026.",False,36846,True,0,
False,,image,,,"Leading Report graphic with header indicating Trump has a 93.2% chance of winning the Electoral College according to RCP and Silver Bulletin polling. Chart shows Trump with 48.3% in the popular vote and 93.2% probability in the Electoral College, while Harris has 49.2% in the popular vote and 6.4% probability in the Electoral College. Data sourced from RealClearPolitics and Silver Bulletin, dated October 20, 2024.",False,27562,True,0,
False,,image,,,"Warning sign with bold text stating ""Trump Haters Are in a Panic Everywhere! Stay Calm. Sit Back. Enjoy the Show!"" in red, blue, and black letters.",False,35988,True,0,
False,,image,,,"""Day one for Kamala was 3½ years ago"" text on a background with Kamala Harris laughing in the foreground.",False,26659,True,0,
False,,video,,,"And then I want to tell you that I'm not too proud to say that I am wrong about Trump. I'm a proud Democrat and he's done a lot of things, immigration. I'm happy about what's happening with immigration. I thought the stock market would tank and I'm pretty happy with my 401k There's a few things that I just thought things would go wrong and I'm very happy Well that is big of you to say it'll probably lose you some friends in this polarized environment that we're in right now, but there's nothing wrong with being happy with results. A lot of calls saying the exact same thing. And the sad part is that she feels that she can't say it, you know. But anyway, David from Tamaqua, Pennsylvania. Hi, Mr. Carver. First of all, I'm a registered Democrat who voted for Trump. I thought this would never happen, but some of the Democratic Party is finally walking up and saying, President Trump is doing something good. They were meeting at a Senate meeting. What they're doing is great. What they started doing is to reunite themselves and reunite us. So please keep it up. Keep meeting, keep talking, keep fixing things, keep reuniting us and the parties together. This will make our country stronger than ever in the world. I love it. Good for you, good for you. Fix, fix, fix. Instead of telling us why the other guy's worse, how do you make it better? Fix, fix, fix. You're right, I'm with you, David. Next. Hey Chris, I was wrong to hate President Trump and it took October 7th for me to realize that and him coming into office and with whatever the Democrats are these days and the rise of anti-Semitism to make Trump the common sense hero of Israel these days.",False,35146,True,0,
True,,video,"LIVE: President Trump in Butler, Pennsylvania",,Straight through until President Trump speaks at 5 p.m. Eastern Time. You,True,23844,True,0,
False,,video,,,"There is no information available for this file. The site periodically processes attachment images and videos, so more information may be be available soon.",False,36522,True,0,
False,,image,,,"Donald Trump serves french fries behind the counter at a McDonald's in Feasterville-Trevose, Pennsylvania, wearing an apron and tie, accompanied by staff members.",False,27567,True,0,
False,,video,,,"20, 24. It's our final battle. We're either going to have a country greater than ever before, or we're not going to have a country at all. And we're ready for it. Are we ready? We're ready. Damn, who knew? All the planes we flew, good things we've been through That I be standing right here talking to you about another past I know we love to hit the road and laugh, but something told me that it wouldn't last Had to switch up, Look at things different, see the bigger picture. You must never forget this nation does not belong to them. This nation belongs to you. This is your home. This is your heritage. And our American liberty is your God-given right. How can we not talk about living with everything's all that we got? Everything I went through you were standing there by my side. And now you're going where we're gonna last forever. God given right.",False,24275,True,0,
False,,image,,,"A collage showing a man arriving from a plane, greeted warmly by officials in snowy conditions. He wears a ""Steelers"" beanie and kneels to kiss the snow. In another image, he is welcomed with a handshake outside a building adorned with American flags. The text ""Welcome home, Marc Fogel"" is prominently displayed.",False,29577,True,0,
False,,image,,,,False,25504,True,0,
False,,image,,,"Tweet by user Mike Lee discussing the Senate legislative process. Clarifies the misconception that 60 votes are needed to pass a bill, explaining instead that 60 votes are required for cloture to end debate. Mentions that passing a bill requires a simple majority and comments on passing legislation without cloture when filibuster is inactive. Concludes with the statement ""End the zombie filibuster.""",True,35154,True,0,
False,,video,,,"There is no information available for this file. The site periodically processes attachment images and videos, so more information may be be available soon.",False,37900,True,0,
False,,image,,,"Text: ""THEY HAVE ENOUGH OF DEMOCRAT BULLSH!T""
Images: Three men in formal wear, each in separate images, arranged in a collage; the person on the left is wearing a blue tie and is smiling, the person on the top right is wearing a suit and tie against a purple background, and the person on the bottom right is also smiling while wearing a black shirt. Credit: LinzySpace.",False,25483,True,0,
False,,image,,,"CNN news segment featuring a graphic displaying a poll about support for photo ID requirements to vote, showing 71% support from Democrats and 95% from Republicans, with a presenter discussing the data. The source is cited as Pew Research Center, 2023.",False,36579,True,0,
False,,image,,,"A man with a serious expression wearing a blue suit and tie, with an American flag pin on the lapel. An American flag is visible in the background.",False,30326,True,0,
False,,image,,,"Two men in suits smiling, with large text reading ""MAGA Victory"" at the top. Below, a headline states ""United States Senate PASSES President Trump's One Big Beautiful Bill"" in bold red letters. The White House logo appears at the bottom.",False,35893,True,0,
False,,image,,,"Tweet by Tricia McLaughlin discussing the arrest of an Afghan national in Fort Worth for alleged threats to blow up a building. The individual reportedly posted a video on TikTok about bomb-making. The arrest was made by the Texas Department of Public Safety and FBI JTTF, and ICE has lodged a detainer. Includes a mugshot of the individual referenced.",False,34049,True,0,
False,,video,,,"Unfair to the pilots that risk their lives for our country and then they get fake news, New York Times and CNN make up a phony story to get some hits that's the only reason I cared about it because those pilots were so brave, I've never seen anything like it They flew into the hornet's nest and then they got hurt so badly by what the fake news wrote. And it was CNN, it was the New York Times and they're both disgusting, really horrible groups of people. The pilots did an unbelievable job like nobody's ever seen. They hit pay dirt. You see where the, I guess you probably look, they caught the wound. You see where the wound is on the earth. And 3 of them right next to each other. Perfect. And they should be admired and respected for what they did and the fake news in order to try and hit me the fake news made them look bad but now they look really good against us",False,31691,True,0,
False,,image,,,"Donald Trump delivering a speech at a podium in a formal setting with an audience present; the setting includes classical sculptures and paintings. The text overlay reads, ""America's Decline Is Over. - President Donald J. Trump.""",False,29260,True,0,
True,,image,,,"Text post by Victoria Byrne with a verified account symbol. Contains an American flag emoji, emphasizing ""REVERSE MIGRATION IS HERE!"" Mentions Trump's policies on deportation of criminals and undocumented immigrants, with a humorous reference to deportation flights happening before the release of GTA 6. Uses laughing and fire emojis to convey tone. Ends with ""Promises Made. Promises KEPT!""",True,35267,True,0,
False,,image,,,"""Fox News graphic comparing 2024 campaign interviews, showing one interview for one side and thirty-four interviews for the other side. The graphic features images of notable political figures on both sides.""",False,25781,True,0,
True,,image,,,"Tweet by user ""@hollywood2pt0"" claims that a ""CLASSIFIED ANNEX"" from John Durham's final report was found in burn bags. Suggests this annex reveals government actors involved in spreading a false collusion narrative. Expresses frustration over not receiving the full report and accuses authorities of hiding it to avoid prosecution. Multiple exclamation marks and emphasis used for impact.",True,35257,True,0,
False,,image,,,"Letter from the Federal Trade Commission (FTC) to Timothy Cook, CEO of Apple Inc., addressing potential FTC Act violations related to the suppression or promotion of news articles for political reasons. The document outlines the FTC's role in protecting consumers from unfair or deceptive practices and highlights concerns regarding Apple News, emphasizing the importance of compliance with FTC laws. The letter references specific sections of the FTC Act and includes formal contact information for Timothy Cook at Apple's headquarters in Cupertino, California.",False,36933,True,0,
False,,image,,,"Tweet from Billboard Chris highlighting a decision by Washington State Democrats, who voted against notifying parents if a student is sexually abused by a school employee. The post includes a comment from Jim Walsh expressing disbelief and a message from Washington State House Republicans explaining the context of the vote on House Bill 1296.",False,29374,True,0,
False,,video,,,"I'm changing, I'm going against the world, you're dying, you gave it all to me I'm having a spare moment next to you, and the pain hurts you baby Cause it rained through that heart right now, it's like Was it real that I was always",False,25093,True,0,
True,,image,,,"Tweet from a verified user, Vince Langman, expressing agreement with James Woods. Mentions violence in Minneapolis, Don Lemon, a Baptist church, and a claim about distractions from alleged Democratic fraud in the state.",True,34841,True,0,
False,,video,,,"But you know, Sean, I think now that all the heavy lifting has been done and Iran is flat on its back, I think you're going to see all these opportunistic, Karyan people come in. You're going to see the UN say, well, we're going to be in charge of the peace. Or you're going to see people say, this is what we're gonna do with Lebanon, or individual European states, or the EU, or the NATO. But none of them were to be found when it was very unpopular, very risky, and Iran had this reputation, I think, on found it. But it was the terror of the Middle East. We were told it was indomitable. For 47 years, you might want to go to Iraq or Afghanistan, but you don't get near Iran. They're too crazy. They're too dangerous. And Donald Trump, in less than 6 weeks, with the help of the Israeli Air Force, demolished it, and now all of a sudden, everybody wants to pile on and think that they're somewhat responsible for the future of the new Middle East. It's really shameless. It really is.",False,37872,True,0,
False,,image,,,"Conor McGregor and entourage meet with a former president in the Oval Office. They are seen interacting, and several children are present. The room features the Resolute Desk, U.S. flags, and a map in the background. The atmosphere is informal and lively.",False,30222,True,0,
False,,image,,,,False,26231,True,0,
False,,image,,,"Poll headline stating ""Trump sees four-point swing his way in Pennsylvania since July"" from a Breitbart article; photo of Donald Trump smiling and clapping.",False,26738,True,0,
False,,video,,,"There is no information available for this file. The site periodically processes attachment images and videos, so more information may be be available soon.",False,30358,True,0,
False,,image,,,"Split image with the text ""How it started"" above a mugshot and ""How it's going"" above a TIME magazine cover featuring the same person as ""Person of the Year."" The left side shows a serious expression against a gray background and a badge, while the right side presents a confident pose with formal attire.",False,28594,True,0,
True,,image,,,"Tweet by a verified user praising President Trump for fulfilling a campaign promise to make the U.S. the crypto capital of the world, highlighting benefits to American citizens and companies, contrasting with the previous administration.",True,37074,True,0,
False,,image,,,"TRUMP on TIKTOK, December 22, 2025: 339 billion all-time views of #TRUMP TikToks. Year in Review 2025 statistics include 201 billion views for #MAGA, 166 billion for #TRUMP, 6 billion for #FLOTUS, and 826 million for #AMERICAFIRST. Key moments highlighted with views include 6 billion for Trump's inauguration, 4 billion for Trump with Charlie Kirk, and 1 billion each for the military parade, world cup, big beautiful bill, and saving TikTok. 2025 account performance ranks as #1 most followed and viewed among world leaders, with 6.3 billion total views and 4.5 million views per TikTok. Comments express support and pride. Image features TikTok interface, including videos of Trump and replies from followers.",False,36973,True,0,
False,,video,,,,False,33714,True,0,
False,,video,,,It's a disgusting video and we're going to continue to make clear bigotry will get you nowhere. We are fighting to protect the healthcare of the American people in the face of an unprecedented Republican assault.,False,33155,True,0,
False,,image,,,"Quote criticizing the Biden/Harris administration for causing inflation and accusing Democrats and media of shifting blame to Trump on affordability issues. Attributed to Mark Alexander, with his illustrated portrait included.",False,34233,True,0,
False,,image,,,"Tweet by Donald Trump Jr. criticizing Kamala Harris for allegedly skipping hurricane preparedness briefings. The tweet suggests she is indifferent to the situations in North Carolina, Tennessee, and Georgia, with a retweet from James Blair accusing Harris of being ""Failed. Weak. Dangerously Liberal.""",False,26986,True,0,
False,,image,,,"Bloomberg website screenshot featuring a news headline about Trump urging the Federal Reserve's Cook to resign following mortgage fraud allegations. A woman is shown looking back, with stock market indices displayed at the top.",False,35737,True,0,
True,,image,,,"Tweet by a user named Sebastian with the handle @Azariel91. Text reads: ""Say It With Me: Literal YT Women — The Most Damaging Creatures on Earth!!!"" Accompanied by a profile picture of a person wearing sunglasses.",True,34447,True,0,
True,,image,,,"Tweet by Sami Nathaniel, username @NathanielSami, with a verified badge, expressing admiration for Nick Shirley. Text reads: ""God bless the incredible Nick Shirley.!!!""",True,36533,True,0,
False,,image,,,"Investopedia article updates on stock market performance with a headline stating that the Dow Jones, S&P 500, and Nasdaq Composite closed at record highs after a CPI report increased hopes for rate cuts. The coverage is live, reported by Stephen Wisnefski, and updated on August 12, 2025. Certain text phrases such as ""Close at Record Highs"" are highlighted.",False,32505,True,0,
False,,image,,,"Deborah Rowe's Podcast expresses appreciation for leadership and prioritizing Donald Trump's swearing-in, addressing MTG. RobertMurdock1776 comments on Trump's endorsement of Johnson, praising Trump's intelligence over Washington D.C.",False,28909,True,0,
False,,video,,,"There is no information available for this file. The site periodically processes attachment images and videos, so more information may be be available soon.",False,36306,True,0,
True,,image,,,"Adam Moczur's tweet addressing YouTube's censorship of Eva Vlaardingerbroek's speech. Mentions the disclosure of statistics on migration in European countries, causing reactions within native populations. Includes a quote on the Great Replacement Theory.",True,34772,True,0,
False,,video,,,"Remember those Amish groups in Pennsylvania that voted? Look what else they're doing. Boone, North Carolina officials have confirmed that 62 members of the Pennsylvania Amish community have completed the construction of 12 tiny homes in western North Carolina in under 48 hours. The total cost of the project was over $300, 000, all of which was donated by the Amish community. Here's the pictures. Now several of these Amish groups were told to stand down and stop building these tiny homes by our own government. And they said no. We were used to helping 1 another in the Amish and we are going to take care of these people that were abandoned by the government and they stepped in and they kept right on doing what they're doing and I respect them and love them for that.",False,28966,True,0,
False,,image,,,"President on the phone in a vehicle, wearing a suit, with a ""Make America Great Again"" hat on the table, accompanied by bold text expressing political opinions about a struggle between him and Democrats. Black and white image with selective red coloring on text.",False,35181,True,0,
False,,video,,,"There is no information available for this file. The site periodically processes attachment images and videos, so more information may be be available soon.",False,35081,True,0,
True,,image,,,"Tweet by user Caroline (@car_oline2001) asking for thoughts and agreement on a topic, with options for answering yes or no.",True,35136,True,0,
False,,video,,,Outro you,False,36507,True,0,
False,,video,,,"There is no information available for this file. The site periodically processes attachment images and videos, so more information may be be available soon.",False,35620,True,0,
False,,video,,,"If you're a California taxpayer, you're going to get really pissed by what I'm about to share with you. And if you're an American voter, you got to get really worried if Gavin Newsom ever becomes president. I'm Carl DeMaio, chairman of Reform California and a California state legislator, and my office is releasing independent budget data today showing that not only does California have an 18 billion dollar deficit but it's largely driven by free healthcare for illegal immigrants that Newsom and California Democrat politicians cram through the system. In fact, the cost for illegal immigrant health care to taxpayers has doubled from $6 billion to $13.1 billion this year and it's expected to hit $15 billion next year. Plus the budget deficit is going to climb to $35 billion. Now Newsom is claiming that all of these budget problems are Trump's fault. Bitch, please. It's all your fault, Gavin, because other red states are running surpluses while you're running a massive multi-billion dollar deficit. And it's traced all back to wasteful spending like free health care at taxpayer expense for illegal immigrants. Let's spread the word. Get the truth out there. What Gavin Newsom has done to California is atrocious. And guess what? What he will do to America is going to be even worse. Spread the word and warn all Americans.",False,35345,True,0,
False,,video,,,"We got the photos late because it took America First Legal suing the National Archives. You remember them, the same National Archives that said for a couple years that Donald Trump was holding back classified information. They had to sue that National Archives just to get access to these photos. And the people who were blocking these photos, none other than President Joe Biden and President Barack Obama. And so in that lawsuit, they basically said, we'll finally release those to you after the election. Surprise, surprise. Look, at the end of the day, Joe Biden was corrupt. His family is corrupt. They took millions and millions from overseas, including Chinese corporations, which we all know are backed by the Chinese Communist Party. The reason why they were trying to make their own money using Joe Biden's position in politics because the Biden family never had a business. They were trying to live off the largesse of his access, which was pay to play. But the American people have seen through it. He's been defeated. He's leaving soon. But this goes to show how corrupt the swamp really is.",False,28855,True,0,
False,,image,,,"Reactions to newly signed executive orders from President Trump, focusing on changes to disparate impact doctrine, education, and job training. The image includes multiple social media posts from various commentators expressing support and providing opinions on the executive orders' implications for merit-based hiring, education accreditation, discipline in schools, and economic impact.",False,36055,True,0,
False,,video,,,"Kamala Harris is lying, saying she'll keep us safe. But Kamala's been soft on crime since day 1. As San Francisco District Attorney, Kamala let violent criminals go free, including Devandre Broussard, who brutally assaulted a man. And when Kamala put him back on our streets, he murdered 2 innocent men in cold blood. Kamala Harris has always put criminals first. Don't make America her next victim. Make America Great Again, Inc. Is responsible for the content of this advertising. You",False,26913,True,0,
False,,image,,,"Two men posing together in an office with a desk in front of them, one seated and the other standing and leaning in, arms around each other, smiling at the camera. The room features American flags and presidential symbols.",False,36139,True,0,
False,,image,,,"Hitachi Energy U.S. investment announcement highlights a $1 billion investment for U.S. electric grid expansion and a $457 million manufacturing expansion in Virginia. The image includes a news alert from CNBC and the phrase ""The Trump Effect"" alongside a man in a suit and red tie making a gesture.",False,35686,True,0,
False,,video,,,"There is no information available for this file. The site periodically processes attachment images and videos, so more information may be be available soon.",False,35155,True,0,
False,,image,,,"A person in a blue suit and red tie with a raised fist is in front of a backdrop featuring the year ""2025."" The image includes the text ""HAPPY NEW YEAR!"" in bold, colorful letters, along with the phrase ""MAKE AMERICA GREAT AGAIN!"" at the bottom.",False,28866,True,0,
False,,image,,,,False,29169,True,0,
False,,image,,,"Statement from President Donald J. Trump on November 22, 2024, announcing the nomination of Dr. Marty Makary as FDA Commissioner. Highlights Dr. Makary’s qualifications, including his role as a Johns Hopkins Surgical Oncologist and Health Policy Expert. Emphasizes the need for FDA reform and mentions collaboration with Robert F. Kennedy Jr. Details Dr. Makary’s career achievements in medicine and healthcare transparency. Expresses confidence in restoring the FDA to a high standard. Header displays ""Trump Vance Transition.""",False,28347,True,0,
False,,image,,,"A person sitting at a large wooden desk in an office resembling the Oval Office, with multiple computer screens displaying stock market data and graphs. Sunlight streams through the tall windows, creating a bright atmosphere. American flags are visible in the background.",False,33024,True,0,
False,,image,,,"Kevin O'Leary in a formal suit, seated at a desk with papers and glasses, discussing merging Canada with the United States, common currency, open trade, and an EU-type passport according to a tweet by Leading Report.",False,28853,True,0,
False,,video,,,I'm vice president of the National Border Patrol Council. America needs a commander in chief who's tough on illegal immigration. Kamala Harris fails that test. We're not going to treat people who are undocumented across the border as criminals. That's correct. That is correct. Kamala was Biden's border czar. She supported sanctuary cities and taxpayer benefits for illegal immigrants. And she created the worst border crisis in American history. Kamala Harris is dangerous. Preserve America PAC is responsible for the content of this advertising.,False,27209,True,0,
False,,video,,,"There is no information available for this file. The site periodically processes attachment images and videos, so more information may be be available soon.",False,27031,True,0,
True,,image,,,"NEWSMAX tweet discussing alleged voter registration irregularities in Georgia, quoted by journalist David Khait, with tags for Rob Finnerty and David Khait.",True,34737,True,0,
False,,image,,,"Four images of men with bandaged ears, including one of a man in a suit (resembling a famous individual) and three others of rugby players in uniform. The caption reads, ""I didn't know Trump was a rugby guy.""",False,23949,True,0,
False,,video,,,"And I'm proud to be an American, where at least I know I'm free And I won't forget the men who died, who gave that right to me And I gladly Stand up next to you",False,23941,True,0,
False,,video,,,"Mr. President, it's Tom Barrett and I'm here with Paul and Kristi Akeo. We are on our way back to the United States. Thank you so much for your help, your investment in this cause, and your team and everything you did to help them get loose and get free and come back to America. I wanted to thank you so much for all your help. Thank you so much President Trump. We appreciate it more than you even know. Yes, I'd have to echo my wife but thank you very much. We appreciate everything. And we appreciate Tom. Very much. Very much. Thank you sir. It's a great day to be an American and we appreciate all of your help in this. Absolutely.",False,30525,True,0,
False,,image,,,"""MAKE AMERICA GREAT AGAIN"" slogan at the top, image of Donald Trump surrounded by supporters and security, text ""FIGHT FIGHT FIGHT"" at the bottom.",False,24639,True,0,
False,,image,,,"Soldiers in camouflage uniforms crouching in a trench, one with a speech bubble saying, ""I think that is unlawful,"" and a tweet above with text expressing hesitation about following an order to attack.",False,33986,True,0,
False,,video,,,"Good, good, good, good.",False,35876,True,0,
True,,video,"LIVE: President Trump in Mosinee, WI",,Like bleeding in my head,True,25916,True,0,
False,,image,,,"""KAMALA SUPPORTS DEFUNDING THE POLICE"" text overlay on an image of a woman laughing and holding a microphone. Background is a gradient of blue and red colors. Source noted as ""SFGATE | JUNE 9, 2020"" at the bottom.",False,24259,True,0,
False,,image,,,"Day One for Kamala was 3 1/2 years ago; woman laughing with wide smile, white text on top and red banner with bold text.",False,25324,True,0,
True,,image,,,Border Patrol Union tweet announcing NBPC President Paul Perez joining @JglasgowNewsmax on Newsmax's Sunday Report.,True,36875,True,0,
False,,image,,,"Doug Mills tweet of Donald Trump surprising 8-year-old Liam Licastro with a gift backstage during a campaign rally at Nassau Veterans Memorial Coliseum in Uniondale, NY. Trump is wearing a blue suit and red tie, while Liam is sitting on a couch with his mother, wearing a red baseball cap and blue shirt.",False,26372,True,0,
False,,video,,,"This is an important day. It's the beginning of a journey. You've heard what DOJ is all about, the Department of Government Efficiency. It's a new thing. And this is a new day in Washington and a new day in America. We have long lamented the size and scope of the government, that it has grown too large. And let me be frank about this. Government is too big, it does too many things, and it does almost nothing well. And the taxpayers deserve better. They deserve a more responsive government, a more efficient government, 1 that is leaner and more focused on its primary objectives. And that's the opportunity that we have here now. We believe it's an historic moment for the country, and these 2 gentlemen are going to help navigate through this exciting new day. Elon and Vivek don't need much of an introduction here in Congress for certain, and most of the American people know what they're capable of and what they've achieved. Both of these gentlemen have run very successful organizations. They're innovators and they're forward thinkers. And so that's what we need right now. And so what you're going to have today is first is a meeting that we'll have here with decision makers, key figures in the Republican House and Senate who are chairs of committees of jurisdiction who deal with the money and financing of government and the structure of government. We'll have chairs of the new Doge caucuses that have been set up in the Senate and the House. And then after that, we'll proceed to the Congressional Auditorium where all of the Senate Republicans and House Republicans have been invited, and I think many of them will gather for this discussion. So there won't be a lot of detail for the press today, and that's by design, because this is a brainstorming session. It is the first, again, as I said, of a long series of meetings that will be held, as we're laying the groundwork for the new year and the new Congress. And you're going to see a lot of change around here and in washington and the way things are run we need to make government more efficient that is what this whole objective is that's what the effort will be about and you're gonna see a bicameral cooperation and it will be by the way bipartisan over the last 24 48 hours you've seen a number of our Democrat colleagues both in the Senate and the House who have said, you know what, sign me up. I want to be a part of this as well. So we welcome that. It should be a bipartisan effort. And I think we're going to do great things for the country.",False,28562,True,0,
False,,,,,,False,34416,True,0,
False,,image,,,"A formal letter from the White House in Washington, dated July 11, 2025, addressed to Dr. Claudia Sheinbaum Pardo, President of Mexico, discussing trade relations and tariffs. The letter outlines the U.S. commitment to its relationship with Mexico, mentions tariffs imposed due to the fentanyl crisis, and warns of additional tariffs if Mexico raises its tariffs. It also highlights concerns over trade deficits and national security.",False,31977,True,0,
False,,image,,,"Donald Trump, wearing a suit and red tie, raises his fist in a determined gesture while standing behind a podium. A microphone is visible next to him. Text overlay reads: ""Every single moment we have on Earth is a gift from God. —President Donald J. Trump""",False,24284,True,0,
False,,image,,,"Poll results for swing states by Trafalgar Group. 

Pennsylvania: Trump 46% (+2), Harris 44%, Kennedy 4%. 

Nevada: Trump 48% (+3), Harris 45%, Kennedy 3%.

North Carolina: Trump 49% (+4), Harris 45%, Kennedy 3%.",False,24811,True,0,
False,,video,,,"There is no information available for this file. The site periodically processes attachment images and videos, so more information may be be available soon.",False,37056,True,0,
True,,image,,,"Tweet from Gunther Eagleman stating that Trump criticized Gavin Newsom severely. The tweet includes quotes allegedly from Trump about mental disability and being unqualified for presidency, implying significant political impact on Newsom's career.",True,37498,True,0,
False,,video,,,"There is no information available for this file. The site periodically processes attachment images and videos, so more information may be be available soon.",False,37270,True,0,
False,,image,,,"A futuristic skyscraper with the name ""Trump"" illuminated in lights, situated on a lunar surface with rugged terrain under a starry night sky.",False,37732,True,0,
True,,image,,,"Tweet by Johnny Midnight stating, ""Biden was politically motivated in many of the attacks on Trump and rewarded many who did his bidding."" Contains a profile picture and username @its_The_Dr.",True,37919,True,0,
True,A flyover honors a fallen Polish army F-16 pilot as Polish President Karol Nawrocki arrives at the White House,video,,,You,False,35709,False,110,
True,"“RFK JR, TULSI GABBARD JOIN TRUMP TRANSITION TEAM”",video,,,"And with that, let's bring in former Democratic presidential candidate who is now backing Donald Trump, Tulsi Gabbard. Tulsi, it's great to have you on the show. So the big news, of course, is that you and RFK Jr. Now part of the transition team. What does it mean, Tulsi? I'm not saying you have to define your role, but I'm thinking what does it mean for 2 independents to join the Trump transition team? Well, I think it speaks to the bigger point about what President Trump is doing here. He is showing that this election is not about Democrats versus Republicans. It's about voters having the choice between a president in Donald Trump, who stands for freedom and peace and prosperity for all Americans, versus Kamala Harris, who is a person who will certainly bring about an increasingly tyrannical government, more war, and economic hardship, the same economic hardship we've seen over the last 3 and a half years. And it's not about taking my word for it or an opinion or a view. Both of these candidates, President Trump and Vice President Harris, have 2 very real records to compare and contrast and boy they couldn't be different. This is the choice before voters rise above partisanship. President Trump is showing that he can bring people together who may not agree on every issue, but who value what is most important, which is protecting and defending our fundamental rights and freedoms that are enshrined in the Constitution and making it possible to live in a truly peaceful and prosperous society. It's interesting when you talk about Kamala Harris's record because there's word now that you could be helping the former president with debate preparations. Of course, it's very well established that you pretty efficiently took down Kamala Harris in 2019. Is that something that you relish the opportunity to be able to help in that aspect? Well, I want to be helpful in whatever way that I possibly can. And if I can be helpful to President Trump at all in this area, it really is just to share the experience that I had and what I learned in sharing that stage with Kamala Harris back in 2019, and quite frankly, the kinds of tricks that she will play in order to deflect away from her record, which voters need to know about, and the mainstream media, the propaganda media, is trying to cover up. She will rehearse some lines and deliver them very well. President Trump knows the issues and he knows her record and I look forward to seeing him challenge her and expose the truth about who Kamala Harris really is. I wanted to get your take on a couple of hot issues. 1, this Mark Zuckerberg letter where he comes out saying, listen, admitting that the Biden-Harris administration pressured them during COVID-19 to censor, and he used the word censor. COVID-19 content said the laptop was not disinformation. What do you think of that admission? It's coming. Well, first of all, it is what many of us have known all along, And I'm glad he had the courage to come forward and speak the truth, especially right now. And this is really important, Trace, because you have Kamala Harris, who's building her whole campaign around freedom. This is her new mantra that she's repeating. She repeated it in her debate, in her speech at the Democratic convention, that she's going to be a president of champion's freedom. But the fact is, as Mark Zuckerberg just exposed, it is Harris and Joe Biden who got him and Facebook to do their dirty work in censoring our right to free speech. Once again, her words do not match her actions So but we got to turn down the volume on whatever it is She's saying and just look at her record because that tells us the whole story about why we should not allow her in the White House as our president. Tulsi Gabbard, it's great to have you on the show. As always, best of luck to you and thank you.",False,25551,False,50,
True,"PRESIDENT TRUMP: 12 weeks ago, we all took a bullet for America—and all I am asking in return is for your VOTE. All of this will be for nothing if you do not vote.",video,,,"So 12 weeks ago, we all took a bullet for America and all we are all asking is that everyone goes out and votes We got a win. We can't let this happen to our country. We can't we can't take another 4 years like this We won't have a country left We're not gonna have a country left And all of this will be for nothing if you don't get out and vote. It will all be for nothing. We will have talked about it, but — and if we do it, it'll be the greatest achievement, I think, in the history of politics for all of us for this age. Because we're going to change our country around and fast. We're going to do things that nobody thought were possible. We're going to do them fast. So, Pennsylvania, it's time to stand up for America and a time to save our country. This is really about saving our country. It's never been like this. When you look at the crime, look at the crime, look at the people that are coming in, murderers. 13000 and ninety-nine murderers led in over the last short period of time. Murderers that have been released from penitentiaries, prisons, jails, released into our country. Crime rates all over the world are down. They're taking their gang members and their criminals. They're taking their people in jail, and they're releasing them into our country. We can't have it. You know, we just can't have it. How do you get more simple than that? They're releasing murderers, they're releasing drug dealers, they're releasing gang members and criminals, human traffickers. Mostly, they traffic in women. And they're releasing them all into our country, and they're emptying their jails and their crime rates in Venezuela are way down because, you know, but it's not only in South America. It's all over the world, in Africa, the Congo. A lot of people coming out of the Congo in Africa. They're coming out from Asia. They're coming out from the Middle East, Yemen. They're coming out from Yemen. A lot of people coming out of Yemen. And they're known terrorists, and they just release them into our country from countries unknown also. They know nothing about the people go right in These people are crazy And we have to win we'll stop it immediately and we'll have to we will look it will be a big Deportation we're gonna deport these people. We're gonna get them out of our country immediately. Or we won't have a country. And if we win Pennsylvania, we will win the whole thing. The whole thing will be won.",False,27044,False,163,
True,"PRESIDENT TRUMP: ""Let me also deliver a message straight to Kamala Harris, the radical left Democrats politicians, and Fake News media -- It's time to stop the lies, stop the hoaxes, stop the smears, stop the lawfare and stop claiming your opponents will turn America into a dictatorship. Because the fact is I'm not threat to democracy. They are.""",video,,,,False,26351,False,348,
True,https:// x.com/americapapabear/status/1 908104761603199023?s=12,,AmericanPapaBear (@AmericaPapaBear) on X,"Everything Trump and @elonmusk are doing is exactly what people voted for in November.

Democrats can't comprehend this.

We just needed a new President! 

🔥",,False,30528,False,264,
True,Trump Economy: Retail sales and housing suggest a resilient consumer: https:// justthenews.com/nation/states/ center-square/everyday-economics-retail-sales-and-housing-suggest-resilient-consumer,,,,,False,37934,False,194,
True,"PRESIDENT TRUMP: The world right now is spiraling out of control. A short time ago, Iran launched over 200 ballistic missiles at Israel and we are closer than ever to global catastrophe. We have a non-existent president and our Vice President, who should be in charge, is going to fundraisers in San Francisco and staging fake photo ops using phones that are not even connected. No one is in charge and it’s not even clear who is more confused: Biden or Kamala. Neither has any idea what is going on.",video,,,,False,26857,False,500,
True,KAMALA HARRIS: “AN UNDOCUMENTED IMMIGRANT IS NOT A CRIMINAL”,video,,,"An undocumented immigrant. An undocumented immigrant. An undocumented immigrant. Is not a criminal. These are God's children. These aren't just throwaways. Your immigrant status, whatever it is, does not in our mind's eye designate you as a criminal. I support our sanctuary law. Abolish ICE. We need to probably think about starting from scratch. It is wrong to deport 11 million people. Deal with the problem. We have 11 million people here who need a pathway to citizenship. Finally fixing our system so that we can give people a path to citizenship? I am not for a wall. A wall should not be confused with border security. To suggest that we have to build a wall because there are terrorists who are trying to invade the country. It couldn't be farther from the truth. Raise your hand if you think it should be a civil offense rather than a crime across the border. Is the situation to any degree a result of signaling from the Biden administration? No, the answer is no. Kamala Harris is inspiring. Ed, yeah, I am radical. I do believe that we need to get radical. She's prepared right now to do this job. She's prepared to be commander in chief. And yeah, I am radical. We need to get radical.",False,24708,False,60,
True,https:// x.com/trump_army_/status/19900 78332830937158?s=46,,FAN TRUMP ARMY (@TRUMP_ARMY_) on X,Americans will someday tell their grandkids about this fearless man who risked everything he had to save the great country!,,False,33858,False,224,
True,"Thank God @ realDonaldTrump acted quickly to send in more law enforcement officials to Los Angeles - he saved us. The riots would have gone on for days with hundreds of millions of dollars in damage. Gavin Newsom has now rushed to the San Francisco courts, not Los Angeles, to find the most Left wing judges to play politics.",,,,,False,31468,False,325,
True,"We know exactly where the so-called “Supreme Leader” is hiding. He is an easy target, but is safe there - We are not going to take him out (kill!), at least not for now. But we don’t want missiles shot at civilians, or American soldiers. Our patience is wearing thin. Thank you for your attention to this matter!",,,,,False,31531,False,312,
True,"Salena Zito has written a powerful new Book, “BUTLER: The Untold Story of the Near Assassination of Donald Trump and the Fight for America’s Heartland.” Salena was an eyewitness to that terrible day, and understands the unbreakable Spirit of our Movement to FIGHT, FIGHT, FIGHT. The Future of our Nation resides in the Hearts and Souls of the People of this Country, and Salena knows we will not rest until we, MAKE AMERICA GREAT AGAIN. Preorder your copy today: https:// a.co/d/9Qemq9q",image,,,"Book cover titled ""Butler"" by Salena Zito featuring a man in a suit wearing a red hat and waving to a cheering crowd under an American flag. The subtitle reads, ""The Untold Story of the Near Assassination of Donald Trump and the Fight for America's Heartland.""",False,31445,False,486,
True,"Thank you to the Highly Talented Artist, Vanessa Horabuena, and the incredible people of Colorado — Now on display in the Colorado State Capitol!",image,,,A person adjusting a framed portrait of a man with blond hair wearing a suit and tie; the portrait is hung on a wall above a plaque with text.,False,31813,False,145,
True,https:// thenationalpulse.com/analysis- post/j-d-vance-is-the-ultimate-non-compromise-candidate/,,J.D. Vance is the Ultimate Non-Compromise Candidate. - The National Pulse,"In the words of the poet, something’s happening here, what it is ain’t exactly clear.  At least not clear to the ossified bureaucracies that control public policy in the Western Hemisphere.Outdated and unscientific 19th-century notions of “democracy”—rule by majority—are interfering with the best-laid plans of smart people.Their response has been to run a senile guy who […]",,False,24869,False,567,
True,https://www. judicialwatch.org/fani-willis- in-default/,,"Judicial Watch: Court Finds Fani Willis in Default in Open Records Lawsuit, Orders Her to Produce Records in Five Business Days - Judicial Watch","(Washington, DC) – Judicial Watch announced today that the Superior Court in Fulton County entered an order granting a motion for default judgment against District Attorney Fani Willis in Judicial Watch’s lawsuit for communications Willis had with Special Counsel Jack Smith and the House January 6 Committee. In doing so, the court grants Judicial Watch’s request for attorneys’ fees and orders Willis to search for and provide releasable records to Judicial Watch within five business days.",,False,28528,False,715,
True,"Christianity is facing an existential threat in Nigeria. Thousands of Christians are being killed. Radical Islamists are responsible for this mass slaughter. I am hereby making Nigeria a “COUNTRY OF PARTICULAR CONCERN” — But that is the least of it. When Christians, or any such group, is slaughtered like is happening in Nigeria (3,100 versus 4,476 Worldwide), something must be done! I am asking Congressman Riley Moore, together with Chairman Tom Cole and the House Appropriations Committee, to immediately look into this matter, and report back to me. The United States cannot stand by while such atrocities are happening in Nigeria, and numerous other Countries. We stand ready, willing, and able to save our Great Christian population around the World! DONALD J. TRUMP, PRESIDENT OF THE UNITED STATES OF AMERICA",,,,,False,33535,False,817,
True,"ANGELINA: ""Illegal immigration hurts black Americans, inflation hurts black Americans, and dangerous cities hurt black Americans."" PRES. TRUMP: ""When millions of people pour into our country, they have a devastating effect on black families and Hispanic families more than any others.""",video,,,,False,27378,False,285,
True,"Next week’s Case on Tariffs is one of the most important in the History of the Country. If a President is not allowed to use Tariffs, we will be at a major disadvantage against all other Countries throughout the World, especially the “Majors.” In a true sense, we would be defenseless! Tariffs have brought us Great Wealth and National Security in the nine months that I have had the Honor to serve as President. The Stock Market has hit All Time Highs many times during my short time in Office, with virtually No Inflation, and National Security that is second to none. Our recent successful negotiation with China, and many others, put us in a strong position only because we had Tariffs with which to negotiate fair and sustainable Deals. If a President was not able to quickly and nimbly use the power of Tariffs, we would be defenseless, leading perhaps even to the ruination of our Nation. The only people fighting us are Foreign Countries who for years have taken advantage of us, those who hate our Country and, the Democrats, because our numbers are insurmountably good. I will not be going to the Court on Wednesday in that I do not want to distract from the importance of this Decision. It will be, in my opinion, one of the most important and consequential Decisions ever made by the United States Supreme Court. If we win, we will be the Richest, Most Secure Country anywhere in the World, BY FAR. If we lose, our Country could be reduced to almost Third World status — Pray to God that that doesn’t happen!",,,,,False,33553,False,1520,
True,https://www. youtube.com/live/vC7lPbOTffA?s i=hJZE1c0mAiXu3IkU,,President Trump and the First Lady Attend a September 11th Observance Event,"Arlington, VA",,False,32925,False,168,
True,https:// rumble.com/v5axb1e-live-presid ent-trump-in-asheville-nc.html,,"LIVE: President Trump in Asheville, NC",,,False,24904,False,120,
True,https://www. DonaldJTrump.com,image,Donald J. Trump For President 2024,Certified Website of Donald J. Trump For President 2024. America's comeback starts right now. Join our movement to Make America Great Again!,"U.S. Representative Byron Donalds wins, endorsed by former President Trump. Image features both individuals smiling, with the text ""Trump Vance Make America Great Again! 2024"" at the bottom. Red to purple gradient background.",False,25170,False,226,
,,,,,,,26345,False,222,"ReadTimeout: HTTPSConnectionPool(host='trumpstruth.org', port=443): Read timed out. (read timeout=30)"
True,HOW GOOD WERE MY KIDS AT THE CONVENTION??? I AM PROUD OF THEM ALL!,,,,,False,23913,False,66,
True,"PRESIDENT TRUMP: Two days ago, for the first time ever, the patriots of ICE released shocking new data about the massive number of savage criminal aliens that Kamala Harris has allowed to invade our country, including cities and small towns here in Pennsylvania. In total, she let in 13,099 CONVICTED MURDERERS, 25,272 illegal aliens convicted of rape and other sex crimes; and 62,231 criminal aliens convicted of violent assault. In total, she let 647,572 migrant criminals charged or convicted with heinous crimes, including child predators, drug dealers, vicious gang members, sadists, and thugs. Small towns in America are terrified of the migrants coming in, even when they haven’t arrived yet.",video,,,"2 days ago, for the first time ever, the Patriots of ICE released, this is the first time ever where they released murder numbers and rape numbers and human trafficking numbers. They never do that, they talk about overall nice and gently. But somebody felt that these numbers should be released and they came out actually just as she got to the border, it was very interesting. This was a little tough, because she gets up and she goes, well I didn't really get involved too much with the border, but I'm going to now get involved. Why didn't she do it almost 4 years ago? Why didn't she do it? Because she can't do it. She can't do it. Number 1, she doesn't have the capability. Number 2, her base will not let her do it, for whatever reason that is. You have to explain that. But new data came out, and the massive number of savage criminal aliens that Kamala Harris has allowed to invade our country. This is an invasion, and these people are mean, tough. She had a total, listen to this, these numbers just came out, nobody thought, and I've been saying it for a long time because we are the party of common sense. I knew that once they had open borders, all of the countries, I didn't think about all over the world, I thought in South America, it's all over the world. Last week a lot of people came in from the Congo, a big prison in the Congo in Africa. Welcome to the United States. They came in from the Congo, they come in from South America, they come in from Asia, they come in from all over the world, they come in from all over the world, the Middle East, you gotta see, from Yemen, they're coming in. We have more terrorists come into our country in the last 2 and a half years than we've ever seen. You know, I had 1 year where Border Patrol said no terrorists came in. I had another year where they said 11 came in. Thousands of terrorists are pouring into our country now. Thousands. And they're coming into our cities and our small towns here in Pennsylvania and all over the country. These towns are petrified. Even if they're not there yet, they will be there because you have millions of people we're dealing with. No country, this is not sustainable by any country in total. Listen to these numbers though, these are the official numbers. These are certified numbers, Can you believe it? This isn't her with her bullshit. In total. She's a liar. In total, During her term, it's not even believable, she let in 13, 099 convicted murders. Some of them had murdered 10 people, some murdered 7, 1 murdered 6. I'm looking at these, these are stone cold killers. And they let in people that are worse than any criminal we have. The only thing nice about it is they make our criminals look extremely soft and nice. And remember these people, remember her and Sleepy Joe saying, no, the people that we bring in, they don't create crime. I'm saying, are they kidding? I'm gonna show you a video that I have that you're gonna see in a couple of seconds, it's brutal. It's brutal. 1 guy talking to a judge, I will kill you. These are brutal people. These are the people that we don't want. You know, We all have big hearts and all that stuff. She let in 25, 272 illegal aliens convicted of rape and other sex crimes, viciously, viciously raping, and 62, 231 criminal aliens convicted of violent assault where people are just about dead, but they didn't die, but we took them in too. In total, she led in, listen to these numbers, 647, 572 migrant criminals of the worst order, they call them of the worst order, I wonder what that means, charged with or convicted with heinous crimes, including child predators, drug dealers, vicious gang members, sadist thugs, and people that deal in women, people that, they take women and they sell women and they bring them across the border, mostly women, children also, but mostly women, and they're all living in our country right now, and we've had many killings. Rachel Morne, so many people have died, but wait till you see what's going to happen. Oh, and if I don't get in, it's going to be the worst thing that this country has ever suffered.",False,26787,False,699,
True,https:// loomered.com/2024/08/29/axios- fabricates-story-about-kamala-harriss-social-media-dominance-over-trump/,,AXIOS Fabricates Story About Kamala Harris’s “Social Media Dominance” Over Trump - Loomered,"Nothing about Kamala Harris is authentic, including her social media presence. That is why the Democrat’s favorite ally, the mainstream media, is turning a blind eye to the fact that Kamala Harris is astroturfing her Presidential campaign online. On Wednesday, Sareen Habeshian of Axios wrote an article titled “What’s behind Harris’ social media dominance,” where […]",,False,26124,False,586,
True,Comrade Kamala Harris and Crooked Joe Biden are letting in THOUSANDS and THOUSANDS of Violent Murderers and Rapists into our Country. I secured the Southern Border - They have DESTROYED it. Tampon Tim is babbling and not making any sense!,,,,,False,26882,False,238,
True,"Strongly Antisemitic Harvard University has been feeding a lot of “nonsense” to The Failing New York Times. Harvard has been, for a long time, behaving very badly! They wanted to do a convoluted job training concept, but it was turned down in that it was wholly inadequate and would not have been, in our opinion, successful. It was merely a way of Harvard getting out of a large cash settlement of more than 500 Million Dollars, a number that should be much higher for the serious and heinous illegalities that they have committed. This should be a Criminal, not Civil, event, and Harvard will have to live with the consequences of their wrongdoings. In any event, this case will continue until justice is served. Dr. Alan Garber, the President  of Harvard, has done a terrible job of rectifying a very bad situation for his institution and, more importantly, America, itself. He was hired AFTER the antisemitism charges were brought - I wonder why??? We are now seeking One Billion Dollars in damages, and want nothing further to do, into the future, with Harvard University. As The Failing New York Times clearly stated, “Some connected to the University, however, think Harvard has no option but to eventually cut a deal. The Administration has repeatedly attempted to cut off research grants, which would be an untenable crises. Like many major research universities, Harvard relies on federal funding for its financial model.” Thank you for your attention to this matter! President DONALD J. TRUMP",,,,,False,36438,False,1502,
True,"Why does Fake News ABC’S This Week With George Slopadopolus have Low IQ “commentator” Donna Brazile on the show? Wasn’t she totally discredited when she gave Crooked Hillary Clinton the questions to a Debate??? Wasn’t she FIRED by Fake News CNN for so doing??? Why would ABC “News” hire such a dumb retread? Check out her disastrous interview with Megyn Kelly from years ago - A total Classic!!! Donna is dumb as a rock, and a liar besides. She, and Sloppy Chris Christie, should be fired from a highly discredited ABC Fake News. They just paid me $16,000,000 for “inaccurate” reporting, now they should pay me more!!! Thank you for your attention to this matter. President DJT",,,,,False,32824,False,677,
True,"Will be doing an interview with Adin Ross at 1:00 P.M. (20 minutes from now!). You’re not going to want to miss this. So much to say, especially about the American Dream for young people, which is DEAD under Kamala/Biden. They don’t have a clue, and she has said she’s not a big fan of YOUTH!!! Enjoy the show! DJT",,,,,False,24485,False,314,
True,Our BIG Pennsylvania WIN. So nice!,image,,,"Commonwealth of Pennsylvania Electoral College official ballot for President of the United States, signed with the name ""Donald J. Trump,"" dated Tuesday, December 17, 2024, in Harrisburg, Pennsylvania, featuring the Pennsylvania state seal.",False,28656,False,34,
True,"PRESIDENT TRUMP: ""Tonight, I return to Butler in the aftermath of tragedy and heartache to deliver a simple message to the people of Pennsylvania and the people of America: our movement to Make America Great Again stands stronger, prouder, more united, more determined, and nearer to victory than ever before. We are going to Make America Great Again.""",video,,,"Tonight I return to Butler in the aftermath of tragedy and heartache to deliver a simple message to the people of Pennsylvania and to the people of America. Our movement to make America great again stands stronger, prouder, more united, more determined, and nearer to victory than ever before. We're going to make America great again. We're going to win the election. We're going to win the election.",False,27062,False,352,
True,"I agree with the people in Massapequa, Long Island, who are fighting furiously to keep the Massapequa Chiefs logo on their Teams and School. Forcing them to change the name, after all of these years, is ridiculous and, in actuality, an affront to our great Indian population. The School Board, and virtually everyone in the area, are demanding the name be kept. It has become the School’s identity and, what could be wrong with using the name, “Chief”? I don’t see the Kansas City Chiefs changing their name anytime soon! By copy of this TRUTH, I am asking my highly capable Secretary of Education, Linda McMahon, to fight for the people of Massapequa on this very important issue. LONG LIVE THE MASSAPEQUA CHIEFS! https:// nypost.com/2025/04/07/us-news/ long-island-town-begs-trump-to-help-fight-states-native-american-logo-ban-where-does-it-end/",,Exclusive | Long Island town begs Trump to help fight state’s Native American logo ban: ‘Where does it end?’,"“Everything is being named for the people who were here before,” local school-board President Kerry Wachter said of the district’s name and logo that shows a non-cartoonish Native…",,False,30733,False,1148,
True,https:// truthsocial.com/users/RobertEL eedom/statuses/114938851281043537,,,,,False,32268,False,73,
True,The # Truth !,image,,,,False,24632,False,13,
True,"PRESIDENT TRUMP: ""Exactly 12 weeks ago this evening, on this very ground, a cold-blooded assassin aimed to silence me and to silence the greatest movement, MAGA, in the history of our country -- But by the hand of Providence and the Grace of God, that villain did NOT succeed in his goal.""",video,,,"Exactly 12 weeks ago this evening on this very ground a cold-blooded assassin aimed to silence me and to silence the greatest movement MAGA in the history of our country MAGA. We love MAGA. For 16 harrowing seconds during the gunfire, time stopped as this vicious monster unleashed pure evil from his sniper's perch. Not so far away. But by the hand of Providence and the grace of God that villain did not succeed in his goal Did not come close He did not stop our movement he did not break out our spirit He did not shake our unyielding resolve to save America from evils of poverty, hatred, and destruction.",False,27058,False,289,
True,"For more than 35 years, Armenia and Azerbaijan have fought a bitter conflict that resulted in tremendous suffering... many tried to find a resolution... and they were unsuccessful. With this Accord, we've finally succeeded in making peace! https://www. whitehouse.gov/articles/2025/0 8/president-trump-brokers-another-historic-peace-deal/",image,President Trump Brokers Another Historic Peace Deal,"Today, President Donald J. Trump hosted Azerbaijani President Ilham Aliyev and Armenian Prime Minister Nikol Pashinyan at the White House, where the two","A group of men in suits engaged in a discussion, seated in an ornate room with gold accents and a decorative mantelpiece. A model airplane is placed on the wooden table, and a portrait and bust are visible in the background.",False,35758,False,562,
True,"Congratulations to Cian Curley, who just won this Season’s Met PGA, Head Professional Championship, by two strokes! Cian is a GREAT Player, and a tremendous Head Pro. Congratulations to all of the Members of Trump National Golf Club, Westchester!",image,,,"Champion golfer holding a trophy, wearing a cap and a shirt with ""Trump"" and ""Westchester"" logos. Text on image includes ""CHAMPION,"" ""Cian Curley,"" ""Peter Millar Head Professional Championship,"" ""Connecticut Golf Club,"" and ""XXIO."" Lush greenery and golf course in the background.",False,32949,False,246,
True,Early Voting in Pennsylvania. GO VOTE. MAKE AMERICA GREAT AGAIN!!!  DJT,,,,,False,26376,False,70,
True,"Congressman Mario Diaz-Balart is a tremendous Champion for the people of Florida’s 26th Congressional District. Mario stands up against the wasteful spending in Washington, and supports our Great Military and Veterans. Mario has worked hard to stop the Democrats' Disastrous Socialist Policies, and HE WILL NEVER LET YOU DOWN! Mario Diaz-Balart has my Complete and Total Endorsement.",,,,,False,24981,False,383,
True,"Senator Marsha Blackburn is a fantastic Senator for the Great State of Tennessee. She has been with me from the very beginning, and has never let me down! As the Chair of the Committee on the Platform at the Republican National Convention, Marsha did an incredible job in passing a strong AMERICA FIRST Agenda, one that will help us win Majorities in the House and Senate and, very importantly, the White House. A True Fighter for our Movement to Make America Great Again, Marsha is working tirelessly to Secure the Border, Create Jobs, Support our Military/Vets, Defend Religious Liberty, and Protect our always under siege Second Amendment. Senator Marsha Blackburn is a friend and a WINNER, and has my Complete and Total Endorsement for Re-Election!",,,,,False,24155,False,752,
True,"Elizabeth Pipko, RNC Spokesperson, and Harrison Fields, former White House Spokesperson, were great tonight on FoxNews with Trace Gallagher. Young, Smart, with Common Sense - Nice to watch!",,,,,False,24592,False,189,
True,"PRESIDENT TRUMP: We are 2 days away from the best jobs, the biggest paychecks, and the brightest economic future the world has ever seen... If my opponent knew how to fix the economy, she would've done it.",video,,,,False,28101,False,205,
True,"“Lindsey Graham demands FBI's Christopher Wray recant testimony, says it's 'clear' Trump was hit with bullet” https://www. foxnews.com/politics/lindsey-g raham-demands-fbis-christopher-wray-recant-testimony-says-its-clear-trump-hit-bullet",image,"Lindsey Graham demands FBI's Christopher Wray recant testimony, says it's 'clear' Trump was hit with bullet",Sen. Lindsey Graham pressed FBI Director Wray to revise his claim about whether a bullet or shrapnel hit Trump at his July 13 Pennsylvania rally.,"United States Senate letterhead, dated July 26, 2024, addressed to The Honorable Christopher A. Wray, Director of the Federal Bureau of Investigation, from Lindsey O. Graham, Ranking Member of the Senate Committee on the Judiciary. The letter urges Director Wray to correct his testimony before Congress regarding whether President Donald J. Trump was hit by a bullet, glass, or shrapnel during an assassination attempt, emphasizing that it was a bullet. The letter stresses the importance of accurate information for maintaining FBI credibility. Contains official contact information and a reference to the source.",False,24073,False,508,
True,"Single Michigan mother of 5 asks President Trump what he will do to lower prices. President Trump: ""It's going to start with energy. We're going to drill, baby, drill. Energy's coming way down... and when energy comes down, everything else follows.""",video,,,,False,26712,False,249,
True,"I am not happy with the Russian strikes on KYIV. Not necessary, and very bad timing. Vladimir, STOP! 5000 soldiers a week are dying. Lets get the Peace Deal DONE!",,,,,False,30759,False,162,
True,"Today, it was my great honor to sign an Executive Order banning the chemical castration and medical mutilation of innocent children in the United States of America. Our Nation will no longer fund, sponsor, promote, assist, or support so-called “gender affirming care,” which has already ruined far too many precious lives. My Order directs Agencies to use every available means to cut off Federal financial participation in institutions which seek to provide these barbaric medical procedures, that should have never been allowed to take place!",,,,,False,29265,False,544,
True,"Florida Attorney General James Uthmeier is doing a GREAT job for the Sunshine State, which I won BIG in 2016, 2020, and 2024. James is an America First Warrior, who is a true champion for “MAGA.” He is THE MAN behind ALLIGATOR ALCATRAZ, and argued strongly at the United States Supreme Court in defense of my Executive Power to fire Deep State bureaucrats. Under James’ fearless leadership, over 1,000 CRIMINAL PEDOPHILES have been arrested, missing children have been SAVED, and our Great Members of Law Enforcement have been empowered to do their jobs and, KEEP FLORIDA SAFE. In his next term, James will continue to work tirelessly to Ensure Law and Order, Uphold our Constitutional Rights, and Protect our always under siege Second Amendment. James Uthmeier is a Strong Conservative Fighter and Prosecutor, and has my Complete and Total Endorsement — HE WILL NOT LET YOU DOWN!",,,,,False,33245,False,880,
True,https:// paulingrassia.substack.com/p/r fk-jrs-endorsement-is-a-game-changer,,RFK Jr.’s Endorsement Is A Game-Changer And Tilts The Scales Now Decisively In President Trump’s Favor,What better way to defuse the momentum of an overall lackluster Democratic National Convention than to have the greatest third-party challenger endorse Donald Trump?,,False,25716,False,372,
True,"China has been hit much harder than the USA, not even close. They, and many other nations, have treated us unsustainably badly. We have been the dumb and helpless “whipping post,” but not any longer. We are bringing back jobs and businesses like never before. Already, more than FIVE TRILLION DOLLARS OF INVESTMENT, and rising fast! THIS IS AN ECONOMIC REVOLUTION, AND WE WILL WIN. HANG TOUGH, it won’t be easy, but the end result will be historic. We will, MAKE AMERICA GREAT AGAIN!!!",,,,,False,30542,False,485,
True,"I am pleased to announce that Bill Pulte will serve as the next Director of the Federal Housing Finance Agency. Bill needs no formal introduction to the Great Citizens of our Country, because they have seen, and many have experienced, his philanthropy firsthand. He believes in the incredible potential of our Nation, and will help us restore the American Dream FOR ALL. Congratulations Bill!",,,,,False,29107,False,392,
