id,kind,cost_bps_per_side,ann_mean_excess,sharpe,n_active,participation,mean_abs_position,terminal_wealth,sharpe_minus_p1,sharpe_diff_lo,sharpe_diff_hi
P1,confirmatory,2,-0.0132064,-0.144354,620,0.33244,0.33244,1.08583,,,
"E9  arg-max, no band",exploratory,2,-0.004757,-0.0884214,176,0.09437,0.09437,1.1796,0.0559328,-0.534681,0.721236
E10 fixed quantile 0.25,exploratory,2,-0.0751001,-0.580872,1355,0.726542,0.726542,0.666105,-0.436517,-0.863024,-0.0106966
E10 fixed quantile 0.50,exploratory,2,-0.0407105,-0.377175,1005,0.538874,0.538874,0.875117,-0.232821,-0.535014,0.0790706
E10 fixed quantile 0.75,exploratory,2,-0.0142995,-0.156291,625,0.335121,0.335121,1.07708,-0.0119366,-0.268691,0.300083
E11 vol target 5%,exploratory,2,-0.0157742,-0.470367,620,0.33244,0.150975,1.09436,-0.326013,-0.614545,0.0105591
E11 vol target 10%,exploratory,2,-0.025831,-0.4333,620,0.33244,0.263796,1.00675,-0.288945,-0.525081,-0.0191765
E12b delta=0.5,exploratory,2,-0.00862261,-0.158352,239,0.12815,0.12815,1.14602,-0.0139974,-0.582866,0.610314
E12b delta=1.0,exploratory,2,-0.00772735,-0.197068,147,0.0788204,0.0788204,1.15974,-0.0527141,-0.703419,0.686366
E12b delta=2.0,exploratory,2,0.00459336,0.172882,56,0.0300268,0.0300268,1.27437,0.317236,-0.286388,0.970327
E12 reoptimised @ 0bp,exploratory,0,-0.00279328,-0.0195172,1837,0.984987,0.984987,1.12176,0.124837,-0.422947,0.711714
E12 reoptimised @ 1bp,exploratory,1,-0.0247165,-0.200313,1156,0.619839,0.619839,0.972534,-0.055959,-0.438384,0.353161
E12 reoptimised @ 2bp,exploratory,2,-0.0132064,-0.144354,620,0.33244,0.33244,1.08583,0,0,0
E12 reoptimised @ 5bp,exploratory,5,-0.0096369,-0.294935,94,0.0504021,0.0504021,1.14547,-0.150581,-0.767091,0.541473
E12 reoptimised @ 10bp,exploratory,10,-0.00617733,-0.524899,12,0.00643432,0.00643432,1.17921,-0.380544,-1.07611,0.39509
