class,probabilities,bin_low,bin_high,n,mean_predicted,realised_frequency
short,uncalibrated,0,0.1,14,0.0804433,0.214286
short,uncalibrated,0.1,0.2,216,0.165296,0.189815
short,uncalibrated,0.2,0.3,1378,0.248623,0.248186
short,uncalibrated,0.3,0.4,213,0.335043,0.342723
short,uncalibrated,0.4,0.5,36,0.434927,0.361111
short,uncalibrated,0.5,0.6,7,0.522001,0.285714
short,uncalibrated,0.6,0.7,1,0.619404,1
short,uncalibrated,0.7,0.8,0,,
short,uncalibrated,0.8,0.9,0,,
short,uncalibrated,0.9,1,0,,
short,calibrated,0,0.1,1,0.0918142,0
short,calibrated,0.1,0.2,92,0.17929,0.130435
short,calibrated,0.2,0.3,1508,0.249557,0.255968
short,calibrated,0.3,0.4,257,0.326783,0.291829
short,calibrated,0.4,0.5,7,0.425569,0.285714
short,calibrated,0.5,0.6,0,,
short,calibrated,0.6,0.7,0,,
short,calibrated,0.7,0.8,0,,
short,calibrated,0.8,0.9,0,,
short,calibrated,0.9,1,0,,
flat,uncalibrated,0,0.1,0,,
flat,uncalibrated,0.1,0.2,18,0.173301,0.388889
flat,uncalibrated,0.2,0.3,91,0.267701,0.351648
flat,uncalibrated,0.3,0.4,190,0.351622,0.315789
flat,uncalibrated,0.4,0.5,843,0.484249,0.476868
flat,uncalibrated,0.5,0.6,515,0.529917,0.52233
flat,uncalibrated,0.6,0.7,166,0.641648,0.590361
flat,uncalibrated,0.7,0.8,38,0.740673,0.684211
flat,uncalibrated,0.8,0.9,4,0.833586,1
flat,uncalibrated,0.9,1,0,,
flat,calibrated,0,0.1,0,,
flat,calibrated,0.1,0.2,15,0.166402,0.2
flat,calibrated,0.2,0.3,64,0.261716,0.3125
flat,calibrated,0.3,0.4,218,0.357925,0.37156
flat,calibrated,0.4,0.5,843,0.466429,0.488731
flat,calibrated,0.5,0.6,623,0.527469,0.504013
flat,calibrated,0.6,0.7,83,0.635812,0.638554
flat,calibrated,0.7,0.8,18,0.724689,0.777778
flat,calibrated,0.8,0.9,1,0.800153,1
flat,calibrated,0.9,1,0,,
long,uncalibrated,0,0.1,23,0.0838224,0.130435
long,uncalibrated,0.1,0.2,263,0.161652,0.220532
long,uncalibrated,0.2,0.3,1256,0.247689,0.253185
long,uncalibrated,0.3,0.4,226,0.341464,0.340708
long,uncalibrated,0.4,0.5,62,0.44871,0.354839
long,uncalibrated,0.5,0.6,24,0.539592,0.5
long,uncalibrated,0.6,0.7,9,0.639973,0.222222
long,uncalibrated,0.7,0.8,1,0.777333,0
long,uncalibrated,0.8,0.9,1,0.843114,0
long,uncalibrated,0.9,1,0,,
long,calibrated,0,0.1,3,0.0979745,0
long,calibrated,0.1,0.2,139,0.163051,0.215827
long,calibrated,0.2,0.3,1386,0.254977,0.256854
long,calibrated,0.3,0.4,259,0.339625,0.301158
long,calibrated,0.4,0.5,68,0.43672,0.382353
long,calibrated,0.5,0.6,10,0.540043,0.2
long,calibrated,0.6,0.7,0,,
long,calibrated,0.7,0.8,0,,
long,calibrated,0.8,0.9,0,,
long,calibrated,0.9,1,0,,
