bucket,sessions,participation,ann_mean_excess,sharpe_excess
2019,198,0,0,
2020,253,0.59683794,-0.013554056,-0.080708558
2021,252,0.19047619,0.028111162,0.49683563
2022,251,0.40239044,0.11206634,0.86702919
2023,250,0.36,-0.037260301,-0.64791046
2024,252,0.56746032,-0.13867736,-1.8735974
2025,250,0.18,-0.02161581,-0.37995439
2026,159,0.26415094,-0.042438604,-0.77405967
low,623,0.31300161,-0.059498236,-1.1976953
mid,621,0.24476651,-0.044585741,-0.79315094
high,621,0.43961353,0.064613807,0.46281684
