feature,category
SMA_gap_50,trend
high_low_range,intraday_structure
RSI_14,momentum
VIX,volatility
MACD_hist,momentum
ret_lag_5,lagged_return
Volatility_60,realized_volatility
Volatility_20,realized_volatility
vix_regime_low,market_regime
VIX_z_60,volatility
OIL_ret_1,macro_cross_asset
overnight_gap,intraday_structure
TNX_change_5,interest_rates
volume_ret_interaction,volume
DXY_ret_1,macro_cross_asset
TNX_z_60,interest_rates
VIX_ret_20,volatility
OIL_z_60,macro_cross_asset
is_friday,calendar
YC_2Y10Y_z_60,yield_curve
DXY_z_20,macro_cross_asset
