date,position,execution_cost,financing_cost,model
2020-01-21,1,0.0004,1.157534247e-05,majority_baseline
2020-01-22,1,0.0004,1.150114155e-05,majority_baseline
2020-01-23,1,0.0004,1.150114155e-05,majority_baseline
2020-01-24,1,0.0004,1.142694064e-05,majority_baseline
2020-01-27,1,0.0004,1.150114155e-05,majority_baseline
2020-01-28,1,0.0004,1.164954338e-05,majority_baseline
2020-01-29,1,0.0004,1.157534247e-05,majority_baseline
2020-01-30,1,0.0004,1.164954338e-05,majority_baseline
2020-01-31,1,0.0004,1.150114155e-05,majority_baseline
2020-02-03,1,0.0004,1.164954338e-05,majority_baseline
2020-02-04,1,0.0004,1.164954338e-05,majority_baseline
2020-02-05,1,0.0004,1.164954338e-05,majority_baseline
2020-02-06,1,0.0004,1.164954338e-05,majority_baseline
2020-02-07,1,0.0004,1.157534247e-05,majority_baseline
2020-02-10,1,0.0004,1.172374429e-05,majority_baseline
2020-02-11,1,0.0004,1.164954338e-05,majority_baseline
2020-02-12,1,0.0004,1.172374429e-05,majority_baseline
2020-02-13,1,0.0004,1.179794521e-05,majority_baseline
2020-02-14,1,0.0004,1.172374429e-05,majority_baseline
2020-02-18,1,0.0004,1.172374429e-05,majority_baseline
2020-02-19,1,0.0004,1.172374429e-05,majority_baseline
2020-02-28,1,0.0004,9.423515982e-06,majority_baseline
2020-03-02,1,0.0004,8.384703196e-06,majority_baseline
2020-03-03,1,0.0004,7.049086758e-06,majority_baseline
2020-03-04,1,0.0004,5.342465753e-06,majority_baseline
2020-03-05,1,0.0004,4.600456621e-06,majority_baseline
2020-03-06,1,0.0004,3.339041096e-06,majority_baseline
2020-03-09,1,0.0004,2.448630137e-06,majority_baseline
2020-03-10,1,0.0004,3.264840183e-06,majority_baseline
2020-03-11,1,0.0004,3.116438356e-06,majority_baseline
2020-03-12,1,0.0004,2.448630137e-06,majority_baseline
2020-03-13,1,0.0004,2.077625571e-06,majority_baseline
2020-03-16,1,0.0004,1.780821918e-06,majority_baseline
2020-03-17,1,0.0004,1.409817352e-06,majority_baseline
2020-03-18,1,0.0004,1.484018265e-07,majority_baseline
2020-03-19,1,0.0004,2.96803653e-07,majority_baseline
2020-03-20,1,0.0004,3.710045662e-07,majority_baseline
2020-03-23,1,0.0004,1.484018265e-07,majority_baseline
2020-03-24,1,0.0004,7.420091324e-08,majority_baseline
2020-03-25,1,0.0004,0,majority_baseline
2020-03-26,1,0.0004,0,majority_baseline
2020-03-27,1,0.0004,2.226027397e-07,majority_baseline
2020-03-30,1,0.0004,8.904109589e-07,majority_baseline
2020-03-31,1,0.0004,8.162100457e-07,majority_baseline
2020-04-01,1,0.0004,6.678082192e-07,majority_baseline
2020-04-02,1,0.0004,6.678082192e-07,majority_baseline
2020-04-03,1,0.0004,7.420091324e-07,majority_baseline
2020-04-06,1,0.0004,1.113013699e-06,majority_baseline
2020-04-07,1,0.0004,1.038812785e-06,majority_baseline
2020-04-08,1,0.0004,1.632420091e-06,majority_baseline
2020-04-09,1,0.0004,1.855022831e-06,majority_baseline
2020-04-13,1,0.0004,1.929223744e-06,majority_baseline
2020-04-14,1,0.0004,1.484018265e-06,majority_baseline
2020-04-15,1,0.0004,1.038812785e-06,majority_baseline
2020-04-16,1,0.0004,1.038812785e-06,majority_baseline
2020-04-17,1,0.0004,8.904109589e-07,majority_baseline
2020-04-20,1,0.0004,8.904109589e-07,majority_baseline
2020-04-21,1,0.0004,8.162100457e-07,majority_baseline
2020-04-22,1,0.0004,8.904109589e-07,majority_baseline
2020-04-23,1,0.0004,8.162100457e-07,majority_baseline
2020-04-24,1,0.0004,8.904109589e-07,majority_baseline
2020-04-27,1,0.0004,8.904109589e-07,majority_baseline
2020-04-28,1,0.0004,8.162100457e-07,majority_baseline
2020-04-29,1,0.0004,7.420091324e-07,majority_baseline
2020-04-30,1,0.0004,6.678082192e-07,majority_baseline
2020-05-01,1,0.0004,8.904109589e-07,majority_baseline
2020-05-04,1,0.0004,9.646118721e-07,majority_baseline
2020-05-05,1,0.0004,9.646118721e-07,majority_baseline
2020-05-06,1,0.0004,8.904109589e-07,majority_baseline
2020-05-07,1,0.0004,8.162100457e-07,majority_baseline
2020-05-08,1,0.0004,8.904109589e-07,majority_baseline
2020-05-11,1,0.0004,8.904109589e-07,majority_baseline
2020-05-12,1,0.0004,9.646118721e-07,majority_baseline
2020-05-13,1,0.0004,9.646118721e-07,majority_baseline
2020-05-14,1,0.0004,8.904109589e-07,majority_baseline
2020-05-15,1,0.0004,8.904109589e-07,majority_baseline
2020-05-18,1,0.0004,9.646118721e-07,majority_baseline
2020-05-19,1,0.0004,9.646118721e-07,majority_baseline
2020-05-20,1,0.0004,8.904109589e-07,majority_baseline
2020-05-21,1,0.0004,8.904109589e-07,majority_baseline
2020-05-22,1,0.0004,8.904109589e-07,majority_baseline
2020-05-26,1,0.0004,1.038812785e-06,majority_baseline
2020-05-27,1,0.0004,1.113013699e-06,majority_baseline
2020-05-28,1,0.0004,1.113013699e-06,majority_baseline
2020-05-29,1,0.0004,1.038812785e-06,majority_baseline
2020-06-01,1,0.0004,1.038812785e-06,majority_baseline
2020-06-02,1,0.0004,1.113013699e-06,majority_baseline
2020-06-03,1,0.0004,1.187214612e-06,majority_baseline
2020-06-04,1,0.0004,1.113013699e-06,majority_baseline
2020-06-05,1,0.0004,1.113013699e-06,majority_baseline
2020-06-08,1,0.0004,1.261415525e-06,majority_baseline
2020-06-09,1,0.0004,1.409817352e-06,majority_baseline
2020-06-10,1,0.0004,1.261415525e-06,majority_baseline
2020-06-11,1,0.0004,1.261415525e-06,majority_baseline
2020-06-12,1,0.0004,1.187214612e-06,majority_baseline
2020-06-15,1,0.0004,1.335616438e-06,majority_baseline
2020-06-16,1,0.0004,1.261415525e-06,majority_baseline
2020-06-17,1,0.0004,1.261415525e-06,majority_baseline
2020-06-18,1,0.0004,1.187214612e-06,majority_baseline
2020-07-21,1,0.0004,9.646118721e-07,majority_baseline
2020-07-22,1,0.0004,9.646118721e-07,majority_baseline
2020-07-23,1,0.0004,8.904109589e-07,majority_baseline
2020-07-24,1,0.0004,8.162100457e-07,majority_baseline
2020-07-27,1,0.0004,8.162100457e-07,majority_baseline
2020-07-28,1,0.0004,8.162100457e-07,majority_baseline
2020-07-29,1,0.0004,8.162100457e-07,majority_baseline
2020-07-30,1,0.0004,6.678082192e-07,majority_baseline
2020-07-31,1,0.0004,6.678082192e-07,majority_baseline
2020-08-03,1,0.0004,7.420091324e-07,majority_baseline
2020-08-04,1,0.0004,6.678082192e-07,majority_baseline
2020-08-05,1,0.0004,7.420091324e-07,majority_baseline
2020-08-06,1,0.0004,7.420091324e-07,majority_baseline
2020-08-07,1,0.0004,7.420091324e-07,majority_baseline
2020-08-10,1,0.0004,8.162100457e-07,majority_baseline
2020-08-11,1,0.0004,8.162100457e-07,majority_baseline
2020-08-12,1,0.0004,8.162100457e-07,majority_baseline
2020-08-13,1,0.0004,7.420091324e-07,majority_baseline
2020-08-14,1,0.0004,7.420091324e-07,majority_baseline
2020-08-17,1,0.0004,7.420091324e-07,majority_baseline
2020-08-18,1,0.0004,6.678082192e-07,majority_baseline
2020-08-19,1,0.0004,8.162100457e-07,majority_baseline
2020-08-20,1,0.0004,8.162100457e-07,majority_baseline
2020-08-21,1,0.0004,7.420091324e-07,majority_baseline
2020-08-24,1,0.0004,8.904109589e-07,majority_baseline
2020-08-25,1,0.0004,8.162100457e-07,majority_baseline
2020-08-26,1,0.0004,8.162100457e-07,majority_baseline
2020-08-27,1,0.0004,8.162100457e-07,majority_baseline
2020-08-28,1,0.0004,7.420091324e-07,majority_baseline
2020-08-31,1,0.0004,8.162100457e-07,majority_baseline
2020-09-01,1,0.0004,8.904109589e-07,majority_baseline
2020-09-02,1,0.0004,8.904109589e-07,majority_baseline
2020-09-03,1,0.0004,8.162100457e-07,majority_baseline
2020-09-04,1,0.0004,8.162100457e-07,majority_baseline
2020-09-08,1,0.0004,9.646118721e-07,majority_baseline
2020-09-09,1,0.0004,8.904109589e-07,majority_baseline
2020-09-10,1,0.0004,8.904109589e-07,majority_baseline
2020-09-11,1,0.0004,8.162100457e-07,majority_baseline
2020-09-14,1,0.0004,8.162100457e-07,majority_baseline
2020-09-15,1,0.0004,8.162100457e-07,majority_baseline
2020-09-16,1,0.0004,8.904109589e-07,majority_baseline
2020-09-17,1,0.0004,6.678082192e-07,majority_baseline
2020-12-17,1,0.0004,5.936073059e-07,majority_baseline
2020-12-18,1,0.0004,5.936073059e-07,majority_baseline
2020-12-21,1,0.0004,6.678082192e-07,majority_baseline
2020-12-22,1,0.0004,6.678082192e-07,majority_baseline
2020-12-23,1,0.0004,3.595890411e-07,majority_baseline
2020-12-24,1,0.0004,6.678082192e-07,majority_baseline
2020-12-28,1,0.0004,8.162100457e-07,majority_baseline
2020-12-29,1,0.0004,7.420091324e-07,majority_baseline
2020-12-30,1,0.0004,5.936073059e-07,majority_baseline
2020-12-31,1,0.0004,6.678082192e-07,majority_baseline
2021-01-04,1,0.0004,6.678082192e-07,majority_baseline
2021-01-05,1,0.0004,6.678082192e-07,majority_baseline
2021-01-06,1,0.0004,6.678082192e-07,majority_baseline
2021-01-07,1,0.0004,6.678082192e-07,majority_baseline
2021-01-08,1,0.0004,5.936073059e-07,majority_baseline
2021-01-11,1,0.0004,5.936073059e-07,majority_baseline
2021-01-12,1,0.0004,6.678082192e-07,majority_baseline
2021-01-13,1,0.0004,6.678082192e-07,majority_baseline
2021-01-14,1,0.0004,6.678082192e-07,majority_baseline
2021-01-15,1,0.0004,6.678082192e-07,majority_baseline
2021-01-19,1,0.0004,6.678082192e-07,majority_baseline
2021-03-22,-1,0.0004,2.226027397e-07,random_forest
2021-04-22,1,0.0004,2.226027397e-07,random_forest
2021-05-12,1,0.0004,1.484018265e-07,random_forest
2021-06-16,1,0.0004,2.96803653e-07,random_forest
2021-06-18,1,0.0004,3.710045662e-07,random_forest
2021-07-16,1,0.0004,3.710045662e-07,random_forest
2021-07-19,1,0.0004,3.710045662e-07,random_forest
2021-08-18,1,0.0004,5.194063927e-07,random_forest
2021-08-19,1,0.0004,4.452054795e-07,random_forest
2021-09-09,1,0.0004,2.96803653e-07,random_forest
2021-09-10,1,0.0004,3.710045662e-07,random_forest
2021-09-13,1,0.0004,4.452054795e-07,random_forest
2021-09-14,1,0.0004,2.96803653e-07,random_forest
2021-09-16,1,0.0004,2.96803653e-07,random_forest
2021-09-17,1,0.0004,2.96803653e-07,random_forest
2021-09-20,1,0.0004,2.96803653e-07,random_forest
2021-09-21,1,0.0004,2.226027397e-07,random_forest
2021-09-22,1,0.0004,2.226027397e-07,random_forest
2021-09-28,1,0.0004,2.96803653e-07,random_forest
2021-09-29,1,0.0004,2.96803653e-07,random_forest
2021-09-30,1,0.0004,2.96803653e-07,random_forest
2021-10-04,1,0.0004,2.96803653e-07,random_forest
2021-11-02,1,0.0004,3.710045662e-07,random_forest
2021-11-05,1,0.0004,3.710045662e-07,random_forest
2021-11-09,1,0.0004,2.96803653e-07,random_forest
2021-11-10,1,0.0004,3.710045662e-07,random_forest
2021-11-19,1,0.0004,3.710045662e-07,random_forest
2021-11-22,1,0.0004,3.710045662e-07,random_forest
2021-11-23,1,0.0004,4.452054795e-07,random_forest
2021-11-26,1,0.0004,4.452054795e-07,random_forest
2021-11-29,1,0.0004,4.452054795e-07,random_forest
2021-11-30,1,0.0004,3.710045662e-07,random_forest
2021-12-01,1,0.0004,4.452054795e-07,random_forest
2021-12-02,1,0.0004,3.710045662e-07,random_forest
2021-12-03,1,0.0004,4.452054795e-07,random_forest
2021-12-06,1,0.0004,3.710045662e-07,random_forest
2021-12-17,1,0.0004,3.710045662e-07,random_forest
2022-01-13,1,0.0004,8.904109589e-07,random_forest
2022-01-18,1,0.0004,1.187214612e-06,random_forest
2022-01-19,1,0.0004,1.261415525e-06,random_forest
2022-01-21,1,0.0004,1.261415525e-06,random_forest
2022-01-26,1,0.0004,1.409817352e-06,random_forest
2022-01-27,1,0.0004,1.484018265e-06,random_forest
2022-02-11,1,0.0004,2.671232877e-06,random_forest
2022-02-23,1,0.0004,2.52283105e-06,random_forest
2022-03-01,1,0.0004,2.374429224e-06,random_forest
2022-03-03,1,0.0004,2.819634703e-06,random_forest
2022-03-04,1,0.0004,2.52283105e-06,random_forest
2022-03-07,1,0.0004,2.819634703e-06,random_forest
2022-03-08,1,0.0004,2.671232877e-06,random_forest
2022-03-21,-1,0.0004,4.006849315e-06,lightgbm
2022-03-23,-1,0.0004,3.710045662e-06,lightgbm
2022-03-25,-1,0.0004,4.081050228e-06,lightgbm
2022-03-29,-1,0.0004,4.081050228e-06,lightgbm
2022-03-30,-1,0.0004,4.081050228e-06,lightgbm
2022-03-31,1,0.0004,3.858447489e-06,lightgbm
2022-04-04,-1,0.0004,4.897260274e-06,lightgbm
2022-04-06,1,0.0004,4.971461187e-06,lightgbm
2022-04-08,-1,0.0004,5.194063927e-06,lightgbm
2022-04-11,1,0.0004,5.71347032e-06,lightgbm
2022-04-12,-1,0.0004,5.49086758e-06,lightgbm
2022-04-13,-1,0.0004,5.565068493e-06,lightgbm
2022-04-14,1,0.0004,5.861872146e-06,lightgbm
2022-04-22,-1,0.0004,6.158675799e-06,lightgbm
2022-04-25,1,0.0004,6.752283105e-06,lightgbm
2022-04-26,1,0.0004,6.158675799e-06,lightgbm
2022-05-02,-1,0.0004,6.678082192e-06,lightgbm
2022-05-03,-1,0.0004,6.752283105e-06,lightgbm
2022-05-04,1,0.0004,6.603881279e-06,lightgbm
2022-05-05,1,0.0004,6.307077626e-06,lightgbm
2022-05-06,-1,0.0004,6.307077626e-06,lightgbm
2022-05-09,1,0.0004,6.826484018e-06,lightgbm
2022-05-26,-1,0.0004,7.939497717e-06,lightgbm
2022-05-31,-1,0.0004,8.607305936e-06,lightgbm
2022-06-03,-1,0.0004,8.978310502e-06,lightgbm
2022-06-08,-1,0.0004,9.497716895e-06,lightgbm
2022-06-13,1,0.0004,1.283675799e-05,lightgbm
2022-06-14,-1,0.0004,1.357876712e-05,lightgbm
2022-06-29,-1,0.0004,1.320776256e-05,lightgbm
2022-06-30,-1,0.0004,1.276255708e-05,lightgbm
2022-07-07,-1,0.0004,1.446917808e-05,lightgbm
2022-07-08,-1,0.0004,1.469178082e-05,lightgbm
2022-07-11,-1,0.0004,1.617579909e-05,lightgbm
2022-07-13,-1,0.0004,1.773401826e-05,lightgbm
2022-07-21,1,0.0004,1.840182648e-05,lightgbm
2022-07-26,1,0.0004,1.892123288e-05,lightgbm
2022-07-27,1,0.0004,1.810502283e-05,lightgbm
2022-07-28,1,0.0004,1.7956621e-05,lightgbm
2022-08-01,1,0.0004,1.899543379e-05,lightgbm
2022-08-04,1,0.0004,1.855022831e-05,lightgbm
2022-08-08,1,0.0004,1.966324201e-05,lightgbm
2022-08-09,1,0.0004,1.981164384e-05,lightgbm
2022-08-10,1,0.0004,1.966324201e-05,lightgbm
2022-08-11,1,0.0004,1.944063927e-05,lightgbm
2022-08-17,1,0.0004,1.988584475e-05,lightgbm
2022-08-18,1,0.0004,2.010844749e-05,lightgbm
2022-08-19,1,0.0004,2.033105023e-05,lightgbm
2022-08-23,-1,0.0004,2.077625571e-05,lightgbm
2022-08-29,-1,0.0004,2.203767123e-05,lightgbm
2022-08-31,1,0.0004,2.196347032e-05,lightgbm
2022-09-02,1,0.0004,2.181506849e-05,lightgbm
2022-09-06,1,0.0004,2.255707763e-05,lightgbm
2022-09-12,-1,0.0004,2.35216895e-05,lightgbm
2022-09-14,-1,0.0004,2.404109589e-05,lightgbm
2022-09-16,-1,0.0004,2.374429224e-05,lightgbm
2022-09-26,-1,0.0004,2.515410959e-05,lightgbm
2022-09-27,-1,0.0004,2.485730594e-05,lightgbm
2022-09-29,-1,0.0004,2.493150685e-05,lightgbm
2022-09-30,-1,0.0004,2.470890411e-05,lightgbm
2022-10-03,1,0.0004,2.567351598e-05,lightgbm
2022-10-04,1,0.0004,2.559931507e-05,lightgbm
2022-10-11,-1,0.0004,2.723173516e-05,lightgbm
2022-10-13,-1,0.0004,2.812214612e-05,lightgbm
2022-10-19,-1,0.0004,3.019977169e-05,lightgbm
2022-10-25,-1,0.0004,3.071917808e-05,lightgbm
2022-10-27,1,0.0004,3.064497717e-05,lightgbm
2022-10-31,-1,0.0004,3.131278539e-05,lightgbm
2022-11-02,1,0.0004,3.131278539e-05,lightgbm
2022-11-07,-1,0.0004,3.183219178e-05,lightgbm
2022-11-08,-1,0.0004,3.175799087e-05,lightgbm
2022-11-10,1,0.0004,3.175799087e-05,lightgbm
2022-11-11,1,0.0004,3.175799087e-05,lightgbm
2022-11-14,1,0.0004,3.220319635e-05,lightgbm
2022-11-15,1,0.0004,3.198059361e-05,lightgbm
2022-11-16,1,0.0004,3.205479452e-05,lightgbm
2022-11-21,1,0.0004,3.272260274e-05,lightgbm
2022-11-22,-1,0.0004,3.264840183e-05,lightgbm
2022-11-28,1,0.0004,3.272260274e-05,lightgbm
2022-11-29,1,0.0004,3.25e-05,lightgbm
2022-11-30,-1,0.0004,3.242579909e-05,lightgbm
2022-12-06,1,0.0004,3.242579909e-05,lightgbm
2022-12-07,1,0.0004,3.183219178e-05,lightgbm
2022-12-14,1,0.0004,3.212899543e-05,lightgbm
2022-12-15,1,0.0004,3.220319635e-05,lightgbm
2022-12-21,-1,0.0004,3.212899543e-05,lightgbm
2022-12-23,-1,0.0004,3.220319635e-05,lightgbm
2022-12-29,-1,0.0004,3.301940639e-05,lightgbm
2022-12-30,-1,0.0004,3.279680365e-05,lightgbm
2023-01-09,1,0.0004,3.487442922e-05,lightgbm
2023-01-12,1,0.0004,3.457762557e-05,lightgbm
2023-02-13,-1,0.0004,3.569063927e-05,lightgbm
2023-02-14,-1,0.0004,3.561643836e-05,lightgbm
2023-02-17,-1,0.0004,3.591324201e-05,lightgbm
2023-02-24,-1,0.0004,3.606164384e-05,lightgbm
2023-03-16,1,0.0004,3.517123288e-05,lightgbm
2023-03-17,1,0.0004,3.353881279e-05,lightgbm
2023-03-31,-1,0.0004,3.598744292e-05,lightgbm
2023-04-04,1,0.0004,3.621004566e-05,lightgbm
2023-04-05,1,0.0004,3.606164384e-05,lightgbm
2023-04-25,1,0.0004,3.799086758e-05,lightgbm
2023-04-26,1,0.0004,3.828767123e-05,lightgbm
2023-04-27,-1,0.0004,3.843607306e-05,lightgbm
2023-05-02,1,0.0004,3.888127854e-05,lightgbm
2023-05-03,1,0.0004,3.902968037e-05,lightgbm
2023-05-04,1,0.0004,3.902968037e-05,lightgbm
2023-05-08,-1,0.0004,3.940068493e-05,lightgbm
2023-05-09,-1,0.0004,3.925228311e-05,lightgbm
2023-05-10,1,0.0004,3.888127854e-05,lightgbm
2023-05-12,-1,0.0004,3.895547945e-05,lightgbm
2023-05-16,-1,0.0004,3.880707763e-05,lightgbm
2023-05-19,-1,0.0004,3.925228311e-05,lightgbm
2023-06-23,1,0.0004,4.014269406e-05,lightgbm
2023-06-26,1,0.0004,4.081050228e-05,lightgbm
2023-07-05,-1,0.0004,4.03652968e-05,lightgbm
2023-07-13,1,0.0004,4.058789954e-05,lightgbm
2023-07-14,1,0.0004,4.073630137e-05,lightgbm
2023-07-20,-1,0.0004,4.073630137e-05,lightgbm
2023-07-21,-1,0.0004,4.081050228e-05,lightgbm
2023-08-04,1,0.0004,4.110730594e-05,lightgbm
2023-08-07,1,0.0004,4.125570776e-05,lightgbm
2023-08-08,1,0.0004,4.132990868e-05,lightgbm
2023-08-09,1,0.0004,4.118150685e-05,lightgbm
2023-08-10,1,0.0004,4.110730594e-05,lightgbm
2023-08-14,1,0.0004,4.125570776e-05,lightgbm
2023-08-15,1,0.0004,4.125570776e-05,lightgbm
2023-08-16,1,0.0004,4.125570776e-05,lightgbm
2023-08-17,1,0.0004,4.125570776e-05,lightgbm
2023-08-21,1,0.0004,4.132990868e-05,lightgbm
2023-08-22,1,0.0004,4.132990868e-05,lightgbm
2023-08-25,-1,0.0004,4.162671233e-05,lightgbm
2023-08-28,1,0.0004,4.140410959e-05,lightgbm
2023-08-29,1,0.0004,4.125570776e-05,lightgbm
2023-09-05,-1,0.0004,4.118150685e-05,lightgbm
2023-09-11,-1,0.0004,4.118150685e-05,lightgbm
2023-09-14,1,0.0004,4.118150685e-05,lightgbm
2023-09-18,-1,0.0004,4.118150685e-05,lightgbm
2023-09-19,-1,0.0004,4.110730594e-05,lightgbm
2023-09-22,1,0.0004,4.125570776e-05,lightgbm
2023-09-25,1,0.0004,4.140410959e-05,lightgbm
2023-09-26,1,0.0004,4.140410959e-05,lightgbm
2023-09-27,1,0.0004,4.140410959e-05,lightgbm
2023-09-29,1,0.0004,4.118150685e-05,lightgbm
2023-10-03,1,0.0004,4.170091324e-05,lightgbm
2023-10-04,1,0.0004,4.162671233e-05,lightgbm
2023-10-06,-1,0.0004,4.177511416e-05,lightgbm
2023-10-09,-1,0.0004,4.177511416e-05,lightgbm
2023-10-10,-1,0.0004,4.162671233e-05,lightgbm
2023-10-26,1,0.0004,4.14783105e-05,lightgbm
2023-10-27,1,0.0004,4.14783105e-05,lightgbm
2023-10-30,1,0.0004,4.155251142e-05,lightgbm
2023-11-02,-1,0.0004,4.110730594e-05,lightgbm
2023-11-03,1,0.0004,4.103310502e-05,lightgbm
2023-11-07,1,0.0004,4.118150685e-05,lightgbm
2023-11-08,1,0.0004,4.110730594e-05,lightgbm
2023-11-10,-1,0.0004,4.103310502e-05,lightgbm
2023-11-13,-1,0.0004,4.118150685e-05,lightgbm
2023-11-14,-1,0.0004,4.095890411e-05,lightgbm
2023-11-15,-1,0.0004,4.103310502e-05,lightgbm
2023-11-17,-1,0.0004,4.081050228e-05,lightgbm
2023-11-20,1,0.0004,4.110730594e-05,lightgbm
2023-11-24,-1,0.0004,4.110730594e-05,lightgbm
2023-11-27,-1,0.0004,4.073630137e-05,lightgbm
2023-11-28,1,0.0004,4.058789954e-05,lightgbm
2023-11-29,1,0.0004,4.043949772e-05,lightgbm
2023-11-30,1,0.0004,4.043949772e-05,lightgbm
2023-12-01,1,0.0004,4.029109589e-05,lightgbm
2023-12-05,1,0.0004,4.043949772e-05,lightgbm
2023-12-06,1,0.0004,4.043949772e-05,lightgbm
2023-12-07,1,0.0004,4.03652968e-05,lightgbm
2023-12-14,1,0.0004,4.029109589e-05,lightgbm
2023-12-15,1,0.0004,4.03652968e-05,lightgbm
2023-12-18,1,0.0004,4.051369863e-05,lightgbm
2023-12-21,-1,0.0004,4.021689498e-05,lightgbm
2023-12-22,-1,0.0004,4.03652968e-05,lightgbm
2023-12-26,-1,0.0004,4.043949772e-05,lightgbm
2023-12-27,-1,0.0004,4.03652968e-05,lightgbm
2023-12-28,-1,0.0004,4.043949772e-05,lightgbm
2023-12-29,-1,0.0004,4.006849315e-05,lightgbm
2024-01-03,1,0.0004,4.066210046e-05,lightgbm
2024-01-08,-1,0.0004,4.073630137e-05,lightgbm
2024-01-09,-1,0.0004,4.058789954e-05,lightgbm
2024-01-16,1,0.0004,4.043949772e-05,lightgbm
2024-01-22,-1,0.0004,4.051369863e-05,lightgbm
2024-01-23,-1,0.0004,4.043949772e-05,lightgbm
2024-01-24,1,0.0004,4.03652968e-05,lightgbm
2024-01-29,-1,0.0004,4.021689498e-05,lightgbm
2024-01-30,-1,0.0004,4.021689498e-05,lightgbm
2024-01-31,1,0.0004,4.021689498e-05,lightgbm
2024-02-01,1,0.0004,4.021689498e-05,lightgbm
2024-02-06,-1,0.0004,4.03652968e-05,lightgbm
2024-02-08,-1,0.0004,4.03652968e-05,lightgbm
2024-02-16,-1,0.0004,4.03652968e-05,lightgbm
2024-02-22,-1,0.0004,4.043949772e-05,lightgbm
2024-02-28,1,0.0004,4.043949772e-05,lightgbm
2024-03-04,-1,0.0004,4.066210046e-05,lightgbm
2024-03-05,1,0.0004,4.058789954e-05,lightgbm
2024-03-06,1,0.0004,4.058789954e-05,lightgbm
2024-03-08,1,0.0004,4.051369863e-05,lightgbm
2024-03-11,1,0.0004,4.066210046e-05,lightgbm
2024-03-15,1,0.0004,4.066210046e-05,lightgbm
2024-03-21,-1,0.0004,4.066210046e-05,lightgbm
2024-03-25,1,0.0004,4.051369863e-05,random_forest
2024-03-26,1,0.0004,4.051369863e-05,random_forest
2024-03-27,1,0.0004,4.043949772e-05,random_forest
2024-03-28,1,0.0004,4.051369863e-05,random_forest
2024-04-01,1,0.0004,4.03652968e-05,random_forest
2024-04-02,1,0.0004,4.021689498e-05,random_forest
2024-04-03,1,0.0004,4.021689498e-05,random_forest
2024-04-04,1,0.0004,4.014269406e-05,random_forest
2024-04-05,1,0.0004,4.029109589e-05,random_forest
2024-04-08,1,0.0004,4.029109589e-05,random_forest
2024-04-10,1,0.0004,4.043949772e-05,random_forest
2024-04-11,1,0.0004,4.043949772e-05,random_forest
2024-04-12,1,0.0004,4.043949772e-05,random_forest
2024-04-15,1,0.0004,4.043949772e-05,random_forest
2024-04-16,1,0.0004,4.043949772e-05,random_forest
2024-04-17,1,0.0004,4.043949772e-05,random_forest
2024-04-18,1,0.0004,4.051369863e-05,random_forest
2024-04-19,1,0.0004,4.043949772e-05,random_forest
2024-04-22,1,0.0004,4.021689498e-05,random_forest
2024-05-01,1,0.0004,4.051369863e-05,random_forest
2024-05-02,1,0.0004,4.051369863e-05,random_forest
2024-05-22,1,0.0004,4.043949772e-05,random_forest
2024-05-23,1,0.0004,4.051369863e-05,random_forest
2024-05-24,1,0.0004,4.051369863e-05,random_forest
2024-05-28,1,0.0004,4.051369863e-05,random_forest
2024-05-30,1,0.0004,4.051369863e-05,random_forest
2024-05-31,1,0.0004,4.051369863e-05,random_forest
2024-06-03,1,0.0004,4.095890411e-05,random_forest
2024-06-04,1,0.0004,4.095890411e-05,random_forest
2024-06-05,1,0.0004,4.08847032e-05,random_forest
2024-06-14,1,0.0004,4.08847032e-05,random_forest
2024-06-20,1,0.0004,4.081050228e-05,random_forest
2024-06-21,1,0.0004,4.073630137e-05,random_forest
2024-06-24,1,0.0004,4.081050228e-05,random_forest
2024-06-25,1,0.0004,4.073630137e-05,random_forest
2024-06-26,1,0.0004,4.081050228e-05,random_forest
2024-06-27,1,0.0004,4.073630137e-05,random_forest
2024-06-28,1,0.0004,4.066210046e-05,random_forest
2024-07-01,1,0.0004,4.058789954e-05,random_forest
2024-07-02,1,0.0004,2.185502283e-05,random_forest
2024-07-05,1,0.0004,4.051369863e-05,random_forest
2024-07-08,1,0.0004,4.051369863e-05,random_forest
2024-07-09,1,0.0004,4.051369863e-05,random_forest
2024-07-10,1,0.0004,4.051369863e-05,random_forest
2024-07-11,1,0.0004,4.03652968e-05,random_forest
2024-07-12,1,0.0004,4.029109589e-05,random_forest
2024-07-15,1,0.0004,4.029109589e-05,random_forest
2024-07-16,1,0.0004,4.029109589e-05,random_forest
2024-07-17,1,0.0004,4.029109589e-05,random_forest
2024-07-18,1,0.0004,4.029109589e-05,random_forest
2024-07-19,1,0.0004,4.029109589e-05,random_forest
2024-07-22,1,0.0004,4.029109589e-05,random_forest
2024-07-23,1,0.0004,4.014269406e-05,random_forest
2024-07-24,1,0.0004,4.006849315e-05,random_forest
2024-07-25,1,0.0004,3.999429224e-05,random_forest
2024-07-26,1,0.0004,3.992009132e-05,random_forest
2024-07-29,1,0.0004,4.014269406e-05,random_forest
2024-07-30,1,0.0004,4.006849315e-05,random_forest
2024-07-31,1,0.0004,4.014269406e-05,random_forest
2024-08-01,1,0.0004,3.984589041e-05,random_forest
2024-08-02,1,0.0004,3.925228311e-05,random_forest
2024-08-05,1,0.0004,3.969748858e-05,random_forest
2024-08-06,1,0.0004,3.962328767e-05,random_forest
2024-08-07,1,0.0004,3.962328767e-05,random_forest
2024-08-08,1,0.0004,3.962328767e-05,random_forest
2024-08-09,1,0.0004,3.954908676e-05,random_forest
2024-08-22,1,0.0004,3.917808219e-05,random_forest
2024-08-23,1,0.0004,3.895547945e-05,random_forest
2024-08-26,1,0.0004,3.888127854e-05,random_forest
2024-08-27,1,0.0004,3.880707763e-05,random_forest
2024-08-28,1,0.0004,3.86586758e-05,random_forest
2024-08-29,1,0.0004,3.873287671e-05,random_forest
2024-08-30,1,0.0004,3.86586758e-05,random_forest
2024-09-03,1,0.0004,3.851027397e-05,random_forest
2024-09-04,1,0.0004,3.843607306e-05,random_forest
2024-09-05,1,0.0004,3.821347032e-05,random_forest
2024-09-06,1,0.0004,3.806506849e-05,random_forest
2024-09-09,1,0.0004,3.791666667e-05,random_forest
2024-09-10,1,0.0004,3.75456621e-05,random_forest
2024-09-11,1,0.0004,3.784246575e-05,random_forest
2024-09-12,1,0.0004,3.75456621e-05,random_forest
2024-09-13,1,0.0004,3.687785388e-05,random_forest
2024-09-16,1,0.0004,3.680365297e-05,random_forest
2024-09-17,1,0.0004,3.672945205e-05,random_forest
2024-09-18,1,0.0004,3.591324201e-05,random_forest
2024-09-19,1,0.0004,3.561643836e-05,random_forest
2024-09-20,1,0.0004,3.524543379e-05,random_forest
2024-09-23,1,0.0004,3.502283105e-05,random_forest
2024-09-24,1,0.0004,3.480022831e-05,random_forest
2024-09-25,1,0.0004,3.480022831e-05,random_forest
2024-09-26,1,0.0004,3.47260274e-05,random_forest
2024-09-30,1,0.0004,3.509703196e-05,random_forest
2024-10-09,1,0.0004,3.524543379e-05,random_forest
2024-10-15,1,0.0004,3.509703196e-05,random_forest
2024-10-16,1,0.0004,3.502283105e-05,random_forest
2024-10-17,1,0.0004,3.517123288e-05,random_forest
2024-10-18,1,0.0004,3.509703196e-05,random_forest
2024-11-06,1,0.0004,3.442922374e-05,random_forest
2024-11-07,1,0.0004,3.435502283e-05,random_forest
2024-11-08,1,0.0004,3.435502283e-05,random_forest
2024-11-11,1,0.0004,3.435502283e-05,random_forest
2024-11-12,1,0.0004,3.435502283e-05,random_forest
2024-11-13,1,0.0004,3.413242009e-05,random_forest
2024-11-14,1,0.0004,3.4206621e-05,random_forest
2024-11-20,1,0.0004,3.428082192e-05,random_forest
2024-11-22,1,0.0004,3.435502283e-05,random_forest
2024-11-25,1,0.0004,3.428082192e-05,random_forest
2024-11-26,1,0.0004,3.4206621e-05,random_forest
2024-11-27,1,0.0004,1.837899543e-05,random_forest
2024-11-29,1,0.0004,3.398401826e-05,random_forest
2024-12-02,1,0.0004,3.346461187e-05,random_forest
2024-12-03,1,0.0004,3.331621005e-05,random_forest
2024-12-04,1,0.0004,3.316780822e-05,random_forest
2024-12-05,1,0.0004,3.309360731e-05,random_forest
2024-12-06,1,0.0004,3.279680365e-05,random_forest
2024-12-09,1,0.0004,3.279680365e-05,random_forest
2024-12-10,1,0.0004,3.272260274e-05,random_forest
2024-12-11,1,0.0004,3.25e-05,random_forest
2024-12-12,1,0.0004,3.227739726e-05,random_forest
2024-12-24,1,0.0004,3.264840183e-05,random_forest
2025-01-15,1,0.0004,3.227739726e-05,random_forest
2025-01-17,1,0.0004,3.220319635e-05,random_forest
2025-01-21,1,0.0004,3.235159817e-05,random_forest
2025-01-22,1,0.0004,3.235159817e-05,random_forest
2025-01-23,1,0.0004,3.235159817e-05,random_forest
2025-01-24,1,0.0004,3.227739726e-05,random_forest
2025-01-27,1,0.0004,3.205479452e-05,random_forest
2025-01-28,1,0.0004,3.198059361e-05,random_forest
2025-01-29,1,0.0004,3.198059361e-05,random_forest
2025-01-30,1,0.0004,3.190639269e-05,random_forest
2025-01-31,1,0.0004,3.198059361e-05,random_forest
2025-02-03,1,0.0004,3.220319635e-05,random_forest
2025-02-04,1,0.0004,3.212899543e-05,random_forest
2025-02-05,1,0.0004,3.212899543e-05,random_forest
2025-02-06,1,0.0004,3.220319635e-05,random_forest
2025-02-07,1,0.0004,3.227739726e-05,random_forest
2025-02-10,1,0.0004,3.227739726e-05,random_forest
2025-02-11,1,0.0004,3.227739726e-05,random_forest
2025-02-12,1,0.0004,3.227739726e-05,random_forest
2025-02-13,1,0.0004,3.220319635e-05,random_forest
2025-02-14,1,0.0004,3.220319635e-05,random_forest
2025-02-18,1,0.0004,3.220319635e-05,random_forest
2025-02-19,1,0.0004,3.220319635e-05,random_forest
2025-02-20,1,0.0004,3.212899543e-05,random_forest
2025-02-21,1,0.0004,3.205479452e-05,random_forest
2025-02-24,1,0.0004,3.198059361e-05,random_forest
2025-02-25,1,0.0004,3.190639269e-05,random_forest
2025-02-26,1,0.0004,3.198059361e-05,random_forest
2025-02-27,1,0.0004,3.205479452e-05,random_forest
2025-02-28,1,0.0004,3.205479452e-05,random_forest
2025-03-03,1,0.0004,3.227739726e-05,random_forest
2025-03-04,1,0.0004,3.220319635e-05,random_forest
2025-03-05,1,0.0004,3.227739726e-05,random_forest
2025-03-06,1,0.0004,3.220319635e-05,random_forest
2025-03-07,1,0.0004,3.220319635e-05,random_forest
2025-03-10,1,0.0004,3.212899543e-05,random_forest
2025-03-11,1,0.0004,3.220319635e-05,random_forest
2025-03-12,1,0.0004,3.227739726e-05,random_forest
2025-03-13,1,0.0004,3.220319635e-05,random_forest
2025-03-14,1,0.0004,3.212899543e-05,random_forest
2025-03-17,1,0.0004,3.220319635e-05,random_forest
2025-03-18,1,0.0004,3.220319635e-05,random_forest
2025-03-19,1,0.0004,3.212899543e-05,random_forest
2025-03-20,1,0.0004,3.212899543e-05,random_forest
2025-03-21,1,0.0004,3.212899543e-05,random_forest
2026-03-27,-1,0.0004,2.767694064e-05,logistic
2026-03-30,1,0.0004,2.752853881e-05,logistic
2026-03-31,-1,0.0004,2.74543379e-05,logistic
2026-04-08,1,0.0004,2.738013699e-05,logistic
2026-04-14,1,0.0004,2.752853881e-05,logistic
2026-04-15,1,0.0004,2.752853881e-05,logistic
2026-04-16,1,0.0004,2.74543379e-05,logistic
2026-04-17,1,0.0004,2.74543379e-05,logistic
2026-04-20,1,0.0004,2.752853881e-05,logistic
2026-04-22,1,0.0004,2.738013699e-05,logistic
2026-04-24,1,0.0004,2.738013699e-05,logistic
2026-05-04,-1,0.0004,2.74543379e-05,logistic
2026-05-08,1,0.0004,2.738013699e-05,logistic
2026-05-15,-1,0.0004,2.738013699e-05,logistic
2026-05-18,-1,0.0004,2.730593607e-05,logistic
2026-05-19,-1,0.0004,2.723173516e-05,logistic
2026-05-21,-1,0.0004,2.730593607e-05,logistic
2026-05-28,1,0.0004,2.738013699e-05,logistic
2026-05-29,1,0.0004,2.738013699e-05,logistic
2026-06-01,1,0.0004,2.804794521e-05,logistic
2026-06-02,1,0.0004,2.797374429e-05,logistic
2026-06-03,1,0.0004,2.804794521e-05,logistic
2026-06-04,1,0.0004,2.804794521e-05,logistic
2026-06-05,1,0.0004,2.804794521e-05,logistic
2026-06-09,1,0.0004,2.812214612e-05,logistic
2026-06-11,1,0.0004,2.804794521e-05,logistic
2026-06-12,1,0.0004,2.804794521e-05,logistic
2026-06-15,1,0.0004,2.812214612e-05,logistic
2026-06-16,1,0.0004,2.812214612e-05,logistic
2026-06-17,1,0.0004,2.841894977e-05,logistic
2026-06-18,1,0.0004,2.841894977e-05,logistic
2026-06-24,1,0.0004,2.85673516e-05,logistic
2026-06-25,1,0.0004,2.849315068e-05,logistic
2026-06-26,1,0.0004,2.841894977e-05,logistic
2026-06-29,1,0.0004,2.871575342e-05,logistic
2026-07-06,1,0.0004,2.871575342e-05,logistic
2026-07-09,1,0.0004,2.841894977e-05,logistic
2026-07-10,1,0.0004,2.85673516e-05,logistic
2026-07-15,1,0.0004,2.841894977e-05,logistic
2026-07-20,-1,0.0004,2.864155251e-05,logistic
2026-07-23,-1,0.0004,2.930936073e-05,logistic
2026-08-07,1,0.0004,2.871575342e-05,logistic
