model,split,train_rows,test_rows,accuracy,balanced_accuracy,macro_f1
Market only,fold_1,75,74,0.33783783783783783,0.36607142857142855,0.3174603174603175
Market only,fold_2,149,74,0.527027027027027,0.48412698412698413,0.3581081081081081
Market only,fold_3,223,74,0.3918918918918919,0.4438095238095238,0.3890309747087241
Market only,fold_4,297,74,0.4864864864864865,0.48295739348370925,0.4625884797714137
Market only,fold_5,371,74,0.3108108108108108,0.3206627680311891,0.28225431443822246
Market only,mean,,,0.4108108108108108,0.4195256196045669,0.3618884388973572
Market only,std,,,0.09342911360780326,0.0731741897790392,0.06929458517081519
Market + Trump NLP,fold_1,75,74,0.47297297297297297,0.4067460317460318,0.3854402812094042
Market + Trump NLP,fold_2,149,74,0.5405405405405406,0.46296296296296297,0.35575383207504
Market + Trump NLP,fold_3,223,74,0.36486486486486486,0.4171428571428571,0.3640133779264214
Market + Trump NLP,fold_4,297,74,0.5,0.48358395989974934,0.44772486772486775
Market + Trump NLP,fold_5,371,74,0.32432432432432434,0.32992202729044834,0.29389367816091955
Market + Trump NLP,mean,,,0.44054054054054054,0.4200715678084099,0.3693652074193306
Market + Trump NLP,std,,,0.09195149100650811,0.05955372079177738,0.05547185706924507
